{
  "chart": {
    "title": "Per capita meat consumption by type",
    "note": "Data refers to meat 'available for consumption'. Actual consumption may be lower after correction for food wastage.",
    "citation": "Food and Agriculture Organization of the United Nations (2024)",
    "originalChartUrl": "https://ourworldindata.org/grapher/per-capita-meat-type?v=1&csvType=full&useColumnShortNames=false",
    "selection": [
      "China",
      "United States",
      "India",
      "Argentina",
      "Portugal",
      "Ethiopia",
      "Japan",
      "Brazil",
      "World",
      "Spain",
      "Germany"
    ]
  },
  "columns": {
    "Meat, poultry | 00002734 || Food available for consumption | 0645pc || kilograms per year per capita": {
      "titleShort": "Yearly per capita supply of poultry meat",
      "titleLong": "Yearly per capita supply of poultry meat",
      "descriptionShort": "Quantity that is available for consumption at the end of the supply chain. It does not account for consumer waste, so the quantity that is actually consumed may be lower.",
      "descriptionProcessing": "* This data was originally given per-capita by FAOSTAT. We converted this data into total figures by multiplying by FAOSTAT's population.\n* Per-capita values were obtained by dividing total figures by Our World in Data's population.\n* For regions defined by FAOSTAT, per-capita values were calculated using FAOSTAT's original population data, if available.\n",
      "shortUnit": "kg",
      "unit": "kilograms per year per capita",
      "timespan": "1961-2022",
      "type": "Numeric",
      "owidVariableId": 1021025,
      "shortName": "meat__poultry__00002734__food_available_for_consumption__0645pc__kilograms_per_year_per_capita",
      "lastUpdated": "2025-03-17",
      "nextUpdate": "2026-03-17",
      "citationShort": "Food and Agriculture Organization of the United Nations (2024) – processed by Our World in Data",
      "citationLong": "Food and Agriculture Organization of the United Nations (2024) – processed by Our World in Data. “Yearly per capita supply of poultry meat” [dataset]. Food and Agriculture Organization of the United Nations, “Food Balances: Food Balances (-2013, old methodology and population)”; Food and Agriculture Organization of the United Nations, “Food Balances: Food Balances (2010-)” [original data].",
      "fullMetadata": "https://api.ourworldindata.org/v1/indicators/1021025.metadata.json"
    },
    "Meat, beef and buffalo | 00002731 || Food available for consumption | 0645pc || kilograms per year per capita": {
      "titleShort": "Yearly per capita supply of beef and buffalo meat",
      "titleLong": "Yearly per capita supply of beef and buffalo meat",
      "descriptionShort": "Quantity that is available for consumption at the end of the supply chain. It does not account for consumer waste, so the quantity that is actually consumed may be lower.",
      "descriptionProcessing": "* This data was originally given per-capita by FAOSTAT. We converted this data into total figures by multiplying by FAOSTAT's population.\n* Per-capita values were obtained by dividing total figures by Our World in Data's population.\n* For regions defined by FAOSTAT, per-capita values were calculated using FAOSTAT's original population data, if available.\n",
      "shortUnit": "kg",
      "unit": "kilograms per year per capita",
      "timespan": "1961-2022",
      "type": "Numeric",
      "owidVariableId": 1027188,
      "shortName": "meat__beef_and_buffalo__00002731__food_available_for_consumption__0645pc__kilograms_per_year_per_capita",
      "lastUpdated": "2025-03-17",
      "nextUpdate": "2026-03-17",
      "citationShort": "Food and Agriculture Organization of the United Nations (2024) – processed by Our World in Data",
      "citationLong": "Food and Agriculture Organization of the United Nations (2024) – processed by Our World in Data. “Yearly per capita supply of beef and buffalo meat” [dataset]. Food and Agriculture Organization of the United Nations, “Food Balances: Food Balances (-2013, old methodology and population)”; Food and Agriculture Organization of the United Nations, “Food Balances: Food Balances (2010-)” [original data].",
      "fullMetadata": "https://api.ourworldindata.org/v1/indicators/1027188.metadata.json"
    },
    "Meat, sheep and goat | 00002732 || Food available for consumption | 0645pc || kilograms per year per capita": {
      "titleShort": "Yearly per capita supply of sheep and goat meat",
      "titleLong": "Yearly per capita supply of sheep and goat meat",
      "descriptionShort": "Quantity that is available for consumption at the end of the supply chain. It does not account for consumer waste, so the quantity that is actually consumed may be lower.",
      "descriptionProcessing": "* This data was originally given per-capita by FAOSTAT. We converted this data into total figures by multiplying by FAOSTAT's population.\n* Per-capita values were obtained by dividing total figures by Our World in Data's population.\n* For regions defined by FAOSTAT, per-capita values were calculated using FAOSTAT's original population data, if available.\n",
      "shortUnit": "kg",
      "unit": "kilograms per year per capita",
      "timespan": "1961-2022",
      "type": "Numeric",
      "owidVariableId": 1021054,
      "shortName": "meat__sheep_and_goat__00002732__food_available_for_consumption__0645pc__kilograms_per_year_per_capita",
      "lastUpdated": "2025-03-17",
      "nextUpdate": "2026-03-17",
      "citationShort": "Food and Agriculture Organization of the United Nations (2024) – processed by Our World in Data",
      "citationLong": "Food and Agriculture Organization of the United Nations (2024) – processed by Our World in Data. “Yearly per capita supply of sheep and goat meat” [dataset]. Food and Agriculture Organization of the United Nations, “Food Balances: Food Balances (-2013, old methodology and population)”; Food and Agriculture Organization of the United Nations, “Food Balances: Food Balances (2010-)” [original data].",
      "fullMetadata": "https://api.ourworldindata.org/v1/indicators/1021054.metadata.json"
    },
    "Meat, pig | 00002733 || Food available for consumption | 0645pc || kilograms per year per capita": {
      "titleShort": "Yearly per capita supply of pig meat",
      "titleLong": "Yearly per capita supply of pig meat",
      "descriptionShort": "Quantity that is available for consumption at the end of the supply chain. It does not account for consumer waste, so the quantity that is actually consumed may be lower.",
      "descriptionProcessing": "* This data was originally given per-capita by FAOSTAT. We converted this data into total figures by multiplying by FAOSTAT's population.\n* Per-capita values were obtained by dividing total figures by Our World in Data's population.\n* For regions defined by FAOSTAT, per-capita values were calculated using FAOSTAT's original population data, if available.\n",
      "shortUnit": "kg",
      "unit": "kilograms per year per capita",
      "timespan": "1961-2022",
      "type": "Numeric",
      "owidVariableId": 1020995,
      "shortName": "meat__pig__00002733__food_available_for_consumption__0645pc__kilograms_per_year_per_capita",
      "lastUpdated": "2025-03-17",
      "nextUpdate": "2026-03-17",
      "citationShort": "Food and Agriculture Organization of the United Nations (2024) – processed by Our World in Data",
      "citationLong": "Food and Agriculture Organization of the United Nations (2024) – processed by Our World in Data. “Yearly per capita supply of pig meat” [dataset]. Food and Agriculture Organization of the United Nations, “Food Balances: Food Balances (-2013, old methodology and population)”; Food and Agriculture Organization of the United Nations, “Food Balances: Food Balances (2010-)” [original data].",
      "fullMetadata": "https://api.ourworldindata.org/v1/indicators/1020995.metadata.json"
    },
    "Meat, Other | 00002735 || Food available for consumption | 0645pc || kilograms per year per capita": {
      "titleShort": "Yearly per capita supply of other meat",
      "titleLong": "Yearly per capita supply of other meat",
      "descriptionShort": "Quantity that is available for consumption at the end of the supply chain. It does not account for consumer waste, so the quantity that is actually consumed may be lower.",
      "descriptionProcessing": "* This data was originally given per-capita by FAOSTAT. We converted this data into total figures by multiplying by FAOSTAT's population.\n* Per-capita values were obtained by dividing total figures by Our World in Data's population.\n* For regions defined by FAOSTAT, per-capita values were calculated using FAOSTAT's original population data, if available.\n",
      "shortUnit": "kg",
      "unit": "kilograms per year per capita",
      "timespan": "1961-2022",
      "type": "Numeric",
      "owidVariableId": 1020937,
      "shortName": "meat__other__00002735__food_available_for_consumption__0645pc__kilograms_per_year_per_capita",
      "lastUpdated": "2025-03-17",
      "nextUpdate": "2026-03-17",
      "citationShort": "Food and Agriculture Organization of the United Nations (2024) – processed by Our World in Data",
      "citationLong": "Food and Agriculture Organization of the United Nations (2024) – processed by Our World in Data. “Yearly per capita supply of other meat” [dataset]. Food and Agriculture Organization of the United Nations, “Food Balances: Food Balances (-2013, old methodology and population)”; Food and Agriculture Organization of the United Nations, “Food Balances: Food Balances (2010-)” [original data].",
      "fullMetadata": "https://api.ourworldindata.org/v1/indicators/1020937.metadata.json"
    },
    "Fish and seafood | 00002960 || Food available for consumption | 0645pc || kilograms per year per capita": {
      "titleShort": "Yearly per capita supply of fish and seafood",
      "titleLong": "Yearly per capita supply of fish and seafood",
      "descriptionShort": "Quantity that is available for consumption at the end of the supply chain. It does not account for consumer waste, so the quantity that is actually consumed may be lower.",
      "descriptionProcessing": "* This data was originally given per-capita by FAOSTAT. We converted this data into total figures by multiplying by FAOSTAT's population.\n* Per-capita values were obtained by dividing total figures by Our World in Data's population.\n* For regions defined by FAOSTAT, per-capita values were calculated using FAOSTAT's original population data, if available.\n",
      "shortUnit": "kg",
      "unit": "kilograms per year per capita",
      "timespan": "1961-2022",
      "type": "Numeric",
      "owidVariableId": 1020460,
      "shortName": "fish_and_seafood__00002960__food_available_for_consumption__0645pc__kilograms_per_year_per_capita",
      "lastUpdated": "2025-03-17",
      "nextUpdate": "2026-03-17",
      "citationShort": "Food and Agriculture Organization of the United Nations (2024) – processed by Our World in Data",
      "citationLong": "Food and Agriculture Organization of the United Nations (2024) – processed by Our World in Data. “Yearly per capita supply of fish and seafood” [dataset]. Food and Agriculture Organization of the United Nations, “Food Balances: Food Balances (-2013, old methodology and population)”; Food and Agriculture Organization of the United Nations, “Food Balances: Food Balances (2010-)” [original data].",
      "fullMetadata": "https://api.ourworldindata.org/v1/indicators/1020460.metadata.json"
    }
  },
  "dateDownloaded": "2025-06-02",
  "activeFilters": {}
}