Data Source;Indicateurs du développement dans le monde;;;;;;;;;;;;;;;;;;;;;;;;;;;;
;;;;;;;;;;;;;;;;;;;;;;;;;;;;;
Last Updated Date;15/04/2025;;;;;;;;;;;;;;;;;;;;;;;;;;;;
;;;;;;;;;;;;;;;;;;;;;;;;;;;;;
Country Name;Country Code;Indicator Name;Indicator Code;2000;2001;2002;2003;2004;2005;2006;2007;2008;2009;2010;2011;2012;2013;2014;2015;2016;2017;2018;2019;2020;2021;2022;2023;2024;
Aruba;ABW;Chômage, total (% de la population) (estimation modélisée OIT);SL.UEM.TOTL.ZS;;;;;;;;;;;;;;;;;;;;;;;;;;
;AFE;Chômage, total (% de la population) (estimation modélisée OIT);SL.UEM.TOTL.ZS;7.78831690275508;7.67695520899306;7.63233006754872;7.58688283691332;7.39564818381754;7.21879262795258;7.15895834527989;7.10223115357479;7.07670978821918;7.15588066169117;7.40306130661224;7.42793993618157;7.18160807948002;6.98673270309414;6.94701073401333;7.03635682492424;7.19466599460041;7.34633063442169;7.3605131044333;7.58441879909928;8.19139491127414;8.57738499231761;7.98520225155097;7.80636542181197;7.77265552201601;
Afghanistan;AFG;Chômage, total (% de la population) (estimation modélisée OIT);SL.UEM.TOTL.ZS;7.935;7.953;7.93;7.88;7.899;7.885;7.914;7.817;7.878;7.754;7.753;7.784;7.856;7.93;7.915;9.052;10.133;11.184;11.196;11.185;11.71;11.994;14.1;13.991;13.295;
;AFW;Chômage, total (% de la population) (estimation modélisée OIT);SL.UEM.TOTL.ZS;4.55111905984559;4.47997712328447;4.2858537189934;4.18011071095659;4.09473808884134;4.10069950284306;3.97409484853549;3.95064260570811;3.96854217730079;4.000386882162;3.9915945374515;3.96902733010755;3.98216256621059;3.70385320108226;3.88139571396106;4.16446707837468;4.15757437388452;4.27419620395302;4.32363095413829;4.39527121076194;4.85239270055131;4.73673176237333;3.65857318082157;3.27724546605141;3.21831342109344;
Angola;AGO;Chômage, total (% de la population) (estimation modélisée OIT);SL.UEM.TOTL.ZS;16.682;16.7;16.488;16.498;16.378;16.36;16.206;16.153;16.228;16.431;16.618;16.77;16.562;16.492;16.406;16.49;16.575;16.61;16.594;16.497;16.69;15.799;14.602;14.537;14.464;
Albanie;ALB;Chômage, total (% de la population) (estimation modélisée OIT);SL.UEM.TOTL.ZS;19.023;18.57;17.891;16.985;16.306;15.966;15.626;15.966;13.06;13.674;14.086;13.481;13.376;15.866;18.055;17.193;15.418;13.616;12.304;11.466;11.69;11.474;10.137;10.108;10.25;
Andorre;AND;Chômage, total (% de la population) (estimation modélisée OIT);SL.UEM.TOTL.ZS;;;;;;;;;;;;;;;;;;;;;;;;;;
Le monde arabe;ARB;Chômage, total (% de la population) (estimation modélisée OIT);SL.UEM.TOTL.ZS;12.6274870577085;12.5058820000806;12.512529502018;12.4563510932562;11.4330020298883;11.2407250571004;10.5232380711626;10.1508222413371;9.88041977711216;9.46639460138819;9.57747395203384;10.6932959358852;11.074941957709;11.0437281019773;11.0374017204054;11.1489135724281;10.8562902038262;11.1131075474704;10.6597396349929;10.2160980238311;11.3256125416623;10.8896587837575;9.9535706462442;9.59035028813167;9.49775858560165;
Émirats arabes unis;ARE;Chômage, total (% de la population) (estimation modélisée OIT);SL.UEM.TOTL.ZS;2.25;2.444;2.661;2.908;2.965;3.12;2.963;2.936;2.821;2.944;2.811;2.596;2.327;2.126;2.002;1.793;1.64;2.462;2.236;2.331;4.294;3.105;2.872;2.151;2.133;
Argentine;ARG;Chômage, total (% de la population) (estimation modélisée OIT);SL.UEM.TOTL.ZS;15;17.32;19.59;15.36;13.522;11.506;10.078;8.47;7.837;8.645;7.714;7.18;7.217;7.1;7.268;7.579;8.085;8.347;9.22;9.843;11.461;8.736;6.805;6.139;7.876;
Arménie;ARM;Chômage, total (% de la population) (estimation modélisée OIT);SL.UEM.TOTL.ZS;11.095;10.992;10.833;10.705;10.617;10.54;10.465;10.394;17.1;19.295;19.523;18.884;17.511;16.576;17.498;18.261;17.617;17.704;18.966;18.304;18.175;15.469;13.379;13.245;13.329;
Samoa américaines;ASM;Chômage, total (% de la population) (estimation modélisée OIT);SL.UEM.TOTL.ZS;;;;;;;;;;;;;;;;;;;;;;;;;;
Antigua-et-Barbuda;ATG;Chômage, total (% de la population) (estimation modélisée OIT);SL.UEM.TOTL.ZS;;;;;;;;;;;;;;;;;;;;;;;;;;
Australie;AUS;Chômage, total (% de la population) (estimation modélisée OIT);SL.UEM.TOTL.ZS;6.288;6.747;6.375;5.933;5.399;5.036;4.785;4.381;4.242;5.565;5.214;5.083;5.225;5.663;6.078;6.055;5.711;5.592;5.3;5.159;6.456;5.116;3.728;3.668;4.072;
Autriche;AUT;Chômage, total (% de la population) (estimation modélisée OIT);SL.UEM.TOTL.ZS;4.687;4.007;4.852;4.779;5.969;5.682;5.32;4.909;4.198;5.371;4.883;4.637;4.909;5.367;5.674;5.802;6.064;5.561;4.933;4.56;5.201;6.459;4.992;5.264;5.439;
Azerbaïdjan;AZE;Chômage, total (% de la population) (estimation modélisée OIT);SL.UEM.TOTL.ZS;11.78;10.91;10.04;9.17;7.99;7.26;6.62;6.33;5.86;5.74;5.63;5.42;5.19;4.97;4.91;4.96;5;5;4.9;5;7.24;6.04;5.65;5.636;5.594;
Burundi;BDI;Chômage, total (% de la population) (estimation modélisée OIT);SL.UEM.TOTL.ZS;3.129;3.15;3.169;3.134;3.177;3.153;3.185;2.401;1.634;1.621;1.616;1.602;1.593;1.584;1.572;1.442;1.347;1.247;1.146;1.043;1.03;1.118;0.915;0.921;0.902;
Belgique;BEL;Chômage, total (% de la population) (estimation modélisée OIT);SL.UEM.TOTL.ZS;6.586;6.178;6.91;7.68;7.363;8.44;8.246;7.459;6.976;7.908;8.293;7.14;7.542;8.425;8.523;8.482;7.83;7.09;5.941;5.364;5.545;6.248;5.57;5.528;5.488;
Bénin;BEN;Chômage, total (% de la population) (estimation modélisée OIT);SL.UEM.TOTL.ZS;0.864;0.765;0.69;0.747;0.79;0.86;0.889;0.902;0.894;0.949;1.04;2.647;2.406;2.099;1.872;1.82;1.784;1.659;1.41;1.214;1.502;1.779;1.685;1.657;1.722;
Burkina Faso;BFA;Chômage, total (% de la population) (estimation modélisée OIT);SL.UEM.TOTL.ZS;2.679;2.74;2.851;2.78;3.473;4;3.669;3.3;3.496;3.711;3.723;3.827;3.856;4.055;4.251;4.461;4.587;4.656;4.695;4.71;5.04;5.2;5.389;5.348;5.166;
Bangladesh;BGD;Chômage, total (% de la population) (estimation modélisée OIT);SL.UEM.TOTL.ZS;3.27;3.61;3.966;4.32;4.314;4.25;3.591;4.017;4.492;5;3.379;3.736;4.071;4.426;4.416;4.396;4.35;4.372;4.407;4.441;5.436;5.327;4.593;4.454;4.68;
Bulgarie;BGR;Chômage, total (% de la population) (estimation modélisée OIT);SL.UEM.TOTL.ZS;16.218;19.921;18.11;13.733;12.037;10.083;8.951;6.878;5.609;6.817;10.279;11.26;12.27;12.941;11.424;9.143;7.575;6.164;5.211;4.23;5.125;5.267;4.268;4.319;4.104;
Bahreïn;BHR;Chômage, total (% de la population) (estimation modélisée OIT);SL.UEM.TOTL.ZS;1.083;1.12;1.139;1.128;1.065;1.021;1.021;1.006;1.014;1.07;1.13;1.21;1.2;1.182;1.141;1.16;1.192;1.194;1.2;1.223;1.781;1.541;1.326;1.154;1.102;
Bahamas;BHS;Chômage, total (% de la population) (estimation modélisée OIT);SL.UEM.TOTL.ZS;7.12;6.87;9.05;10.84;10.2;10.2;7.54;7.88;8.18;14.25;14.432;14.52;14.02;16.18;13.8;12;12.7;9.8;10;9.336;12.027;11.032;9.272;8.643;8.463;
Bosnie-Herzégovine;BIH;Chômage, total (% de la population) (estimation modélisée OIT);SL.UEM.TOTL.ZS;25.187;26.289;27.312;28.447;29.276;30.227;31.11;28.984;23.405;24.068;27.312;27.582;28.01;27.49;27.517;27.695;25.408;20.527;18.4;15.692;15.868;14.897;12.657;10.668;10.723;
Bélarus;BLR;Chômage, total (% de la population) (estimation modélisée OIT);SL.UEM.TOTL.ZS;12.224;11.609;10.908;10.215;9.452;8.728;8.024;7.38;6.698;6.1;6.045;6.022;5.946;5.937;5.902;5.881;5.844;5.648;4.763;4.165;4.049;3.9;3.574;3.461;3.361;
Belize;BLZ;Chômage, total (% de la population) (estimation modélisée OIT);SL.UEM.TOTL.ZS;10.836;9.07;10.04;10.343;10.584;10.91;9.39;8.51;8.18;8.328;8.416;8.43;8.379;8.349;8.244;7.578;7;6.596;7.896;9.053;10.784;10.322;8.763;8.267;7;
Bermudes;BMU;Chômage, total (% de la population) (estimation modélisée OIT);SL.UEM.TOTL.ZS;;;;;;;;;;;;;;;;;;;;;;;;;;
Bolivie;BOL;Chômage, total (% de la population) (estimation modélisée OIT);SL.UEM.TOTL.ZS;2.447;2.636;2.613;2.664;2.622;2.603;2.577;2.616;2.603;2.973;2.608;2.255;2.066;2.437;2.021;3.111;3.498;3.655;3.519;3.682;7.903;5.089;3.552;3.024;3.091;
Brésil;BRA;Chômage, total (% de la population) (estimation modélisée OIT);SL.UEM.TOTL.ZS;10.889;10.649;10.641;11.168;10.072;10.551;9.692;9.28;8.268;9.419;8.422;7.578;7.251;7.071;6.755;8.538;11.58;12.792;12.329;11.936;13.697;13.158;9.231;7.947;7.634;
Barbade;BRB;Chômage, total (% de la population) (estimation modélisée OIT);SL.UEM.TOTL.ZS;9.35;9.85;10.32;11;9.57;9.08;8.73;7.41;8.12;10.02;10.69;11.19;11.59;11.55;12.17;9.803;8.247;8.622;8.322;8.412;9.777;9.433;8.365;7.878;7.529;
Brunéi Darussalam;BRN;Chômage, total (% de la population) (estimation modélisée OIT);SL.UEM.TOTL.ZS;5.459;5.499;5.575;5.663;5.786;5.931;5.997;6.091;6.216;6.411;6.455;6.442;6.482;6.655;6.862;7.726;8.574;9.316;8.7;6.6;7.409;4.905;5.191;5.183;5.144;
Bhoutan;BTN;Chômage, total (% de la population) (estimation modélisée OIT);SL.UEM.TOTL.ZS;1.66;1.9;1.853;1.8;2.49;3.1;3.13;3.7;3.842;3.96;3.32;3.23;2.05;2.87;2.63;2.45;2.705;3.016;3.35;2.72;5.03;4.803;5.947;3.126;2.856;
Botswana;BWA;Chômage, total (% de la population) (estimation modélisée OIT);SL.UEM.TOTL.ZS;15.88;18.54;21.268;23.8;21.758;19.847;17.782;16.998;16.328;16.169;17.86;18.054;17.952;18.203;18.514;18.93;19.329;19.664;19.681;20.094;21.017;23.106;23.615;23.381;23.138;
République centrafricaine;CAF;Chômage, total (% de la population) (estimation modélisée OIT);SL.UEM.TOTL.ZS;5.362;5.405;5.437;5.433;5.352;5.314;5.235;5.191;5.139;5.202;5.291;5.281;5.243;5.243;5.326;5.477;5.491;5.534;5.517;5.607;6.196;6.375;5.956;5.877;5.899;
Canada;CAN;Chômage, total (% de la population) (estimation modélisée OIT);SL.UEM.TOTL.ZS;6.829;7.219;7.665;7.574;7.185;6.758;6.484;6.156;6.284;8.46;8.178;7.637;7.392;7.143;7.023;6.945;7.038;6.426;5.837;5.69;9.657;7.527;5.279;5.415;6.45;
Europe centrale et les pays baltes;CEB;Chômage, total (% de la population) (estimation modélisée OIT);SL.UEM.TOTL.ZS;12.1661215560372;13.5050590063258;13.9571015257378;13.2635590108026;12.8766296492385;12.0310571699923;10.1172085305052;7.80513723734556;6.60004823198757;8.51651568379027;9.92654756624789;9.80886284662704;10.0088523487766;10.0781639999223;8.87945281908902;7.81595111887481;6.48162116354963;5.2841808780617;4.30568206567801;3.77105548227303;4.35897846633943;4.46317615361708;3.98425299925656;4.01405105340076;3.8680960778316;
Suisse;CHE;Chômage, total (% de la population) (estimation modélisée OIT);SL.UEM.TOTL.ZS;2.658;2.49;2.924;4.117;4.316;4.437;3.995;3.641;3.35;4.109;4.808;4.409;4.491;4.747;4.826;4.801;4.918;4.797;4.713;4.394;4.817;5.013;4.122;4.043;4.11;
Îles Anglo-Normandes;CHI;Chômage, total (% de la population) (estimation modélisée OIT);SL.UEM.TOTL.ZS;5.551;5.232;5.507;5.842;6.047;6.028;5.762;5.414;5.478;6.874;7.225;7.457;8.264;8.82;8.571;8.178;7.715;7.12;6.571;6.408;6.863;6.875;6.147;6.187;6.256;
Chili;CHL;Chômage, total (% de la population) (estimation modélisée OIT);SL.UEM.TOTL.ZS;10.491;10.39;10.168;9.765;10.162;9.34;9.024;8.427;9.285;11.313;8.278;7.277;6.562;6.074;6.483;6.313;6.673;7.257;7.623;7.493;10.934;9.281;8.249;9.013;9.056;
Chine;CHN;Chômage, total (% de la population) (estimation modélisée OIT);SL.UEM.TOTL.ZS;3.26;3.8;4.24;4.58;4.49;4.52;4.43;4.35;4.59;4.72;4.53;4.55;4.58;4.6;4.63;4.65;4.56;4.47;4.31;4.56;5;4.55;4.98;4.67;4.571;
Côte d'Ivoire;CIV;Chômage, total (% de la population) (estimation modélisée OIT);SL.UEM.TOTL.ZS;4.816;5.167;5.474;5.805;5.883;5.999;6.009;6.272;6.379;6.571;6.618;7.135;7.223;4.255;3.285;2.579;1.896;3.272;2.85;2.401;2.584;2.63;2.306;2.27;2.288;
Cameroun;CMR;Chômage, total (% de la population) (estimation modélisée OIT);SL.UEM.TOTL.ZS;7.536;7.46;6.709;5.908;5.091;4.4;3.729;3.063;3.387;3.744;4.11;3.987;3.835;3.685;3.534;3.518;3.528;3.568;3.601;3.622;3.87;3.973;3.653;3.613;3.518;
Congo; République démocratique du;COD;Chômage, total (% de la population) (estimation modélisée OIT);3.22;3.234;3.239;3.17;3.053;2.975;2.948;3.174;3.403;3.627;3.88;4.096;4.315;4.485;4.468;4.436;4.439;4.521;4.601;4.618;4.591;5.345;5.28;4.522;4.484;4.556
Congo; République du;COG;Chômage, total (% de la population) (estimation modélisée OIT);20.11;19.87;19.877;19.664;19.871;19.886;19.796;19.587;19.894;19.94;19.833;19.345;19.464;19.512;19.827;19.691;19.978;20.223;20.611;20.701;20.392;22.198;21.96;20.108;19.898;19.694
Colombie;COL;Chômage, total (% de la population) (estimation modélisée OIT);SL.UEM.TOTL.ZS;20.52;15.04;14.481;13.221;13.717;11.062;11.091;11.204;11.273;12.066;11.153;10.288;9.959;9.246;8.799;8.572;8.922;9.086;9.36;10.28;15.983;13.898;10.547;9.594;9.608;
Comores;COM;Chômage, total (% de la population) (estimation modélisée OIT);SL.UEM.TOTL.ZS;4.398;4.377;4.369;4.559;4.571;4.522;4.473;4.46;4.398;4.348;4.248;4.207;4.17;4.118;4.119;4.121;4.104;4.03;3.942;3.934;4.471;4.394;3.816;3.776;3.875;
Cabo Verde;CPV;Chômage, total (% de la population) (estimation modélisée OIT);SL.UEM.TOTL.ZS;13.088;13.278;13.397;13.592;13.465;13.45;13.397;13.323;13.335;13.517;10.67;10.948;11.142;11.392;11.674;11.907;12.077;12.24;12.17;12.128;14.69;13.976;12.246;11.971;11.878;
Costa Rica;CRI;Chômage, total (% de la population) (estimation modélisée OIT);SL.UEM.TOTL.ZS;5.08;6.051;6.396;6.654;6.445;6.749;5.926;4.557;4.934;7.824;7.171;9.518;9.11;8.218;8.499;8.415;8.085;7.729;9.01;10.807;16.432;15.139;11.325;8.325;7.848;
Petits états des Caraïbes;CSS;Chômage, total (% de la population) (estimation modélisée OIT);SL.UEM.TOTL.ZS;11.5264333346702;11.3887613460206;11.9097445045595;12.2347921320203;11.5974801433479;11.2916798090981;10.2458355465973;9.8796533888049;9.90197999344869;11.5758072938001;11.6580226907063;11.9829945219977;12.0989503654206;12.4791807191086;12.1676370027736;11.5050757703248;11.4492534254819;10.8687666228548;11.0509700263011;10.630708311815;12.9309999858592;12.1918110382587;10.4686964684357;9.68042872002248;8.88909855015244;
Cuba;CUB;Chômage, total (% de la population) (estimation modélisée OIT);SL.UEM.TOTL.ZS;5.45;4.08;3.31;2.33;1.854;1.95;1.913;1.788;1.583;1.67;2.5;3.18;3.46;3.29;2.7;2.4;2;1.7;1.7;1.705;2.24;2.116;1.82;1.719;1.53;
Curacao;CUW;Chômage, total (% de la population) (estimation modélisée OIT);SL.UEM.TOTL.ZS;;;;;;;;;;;;;;;;;;;;;;;;;;
Îles Caïmans;CYM;Chômage, total (% de la population) (estimation modélisée OIT);SL.UEM.TOTL.ZS;;;;;;;;;;;;;;;;;;;;;;;;;;
Chypre;CYP;Chômage, total (% de la population) (estimation modélisée OIT);SL.UEM.TOTL.ZS;4.766;4.043;3.336;4.153;4.77;5.481;4.593;3.946;3.756;5.594;6.359;7.942;12.097;16.131;16.277;15.026;13.006;11.155;8.504;7.155;7.755;7.513;6.806;6.098;5.602;
République tchèque;CZE;Chômage, total (% de la population) (estimation modélisée OIT);SL.UEM.TOTL.ZS;8.764;8.128;7.28;7.777;8.298;7.927;7.141;5.316;4.392;6.662;7.281;6.712;6.979;6.953;6.108;5.048;3.952;2.893;2.246;2.015;2.55;2.803;2.224;2.579;2.506;
Allemagne;DEU;Chômage, total (% de la population) (estimation modélisée OIT);SL.UEM.TOTL.ZS;7.917;7.773;8.482;9.779;10.727;11.193;10.277;8.732;7.508;7.88;7.043;5.967;5.372;5.316;4.979;4.612;4.104;3.781;3.384;3.163;3.881;3.594;3.12;3.068;3.406;
Djibouti;DJI;Chômage, total (% de la population) (estimation modélisée OIT);SL.UEM.TOTL.ZS;26.664;26.599;26.59;26.488;26.446;26.452;26.387;26.3;26.194;26.33;26.371;26.314;26.187;26.157;26.173;26.07;25.992;26.064;26.184;26.256;27.713;27.668;26.307;26.154;25.875;
Dominique;DMA;Chômage, total (% de la population) (estimation modélisée OIT);SL.UEM.TOTL.ZS;;;;;;;;;;;;;;;;;;;;;;;;;;
Danemark;DNK;Chômage, total (% de la population) (estimation modélisée OIT);SL.UEM.TOTL.ZS;4.476;4.164;4.274;5.398;5.204;4.83;3.897;3.801;3.683;6.409;7.746;7.769;7.798;7.384;6.925;6.278;5.989;5.833;5.131;5.018;5.637;5.043;4.434;5.094;5.587;
République dominicaine;DOM;Chômage, total (% de la population) (estimation modélisée OIT);SL.UEM.TOTL.ZS;6.432;7.262;6.779;6.938;6.303;6.587;5.654;5.158;4.764;5.467;5.212;6.087;6.722;7.351;6.719;7.605;7.284;5.832;5.861;6.356;6.126;7.702;5.504;5.555;5.473;
Algérie;DZA;Chômage, total (% de la population) (estimation modélisée OIT);SL.UEM.TOTL.ZS;29.77;27.3;25.9;23.72;17.65;15.27;12.27;13.79;11.33;10.16;9.96;9.96;10.97;9.82;10.207;11.206;10.202;12;12.137;12.259;14.057;13.63;12.346;11.701;11.427;
Asie de l’Est et Pacifique (hors revenu élevé);EAP;Chômage, total (% de la population) (estimation modélisée OIT);SL.UEM.TOTL.ZS;3.42330379281354;3.84548126641516;4.15890418582549;4.40610012542102;4.40081751899497;4.47985327360327;4.37346271691852;4.35381700814466;4.43458690180373;4.41621948931768;4.15545539099385;4.10579979256748;4.04454083172618;4.04644374340581;4.04186575779653;4.11636992397966;4.03404292652506;3.91171481452964;3.8023437834359;3.89330553057754;4.36073968094378;4.12248591657027;4.22329838547477;3.97239658895814;3.88533986264755;
de dividende précoce démographique;EAR;Chômage, total (% de la population) (estimation modélisée OIT);SL.UEM.TOTL.ZS;7.11472249654015;7.20100761030258;7.44663197295669;7.33857822367171;7.22075925807152;7.13189877369064;6.90690971756036;6.84170820607528;6.79874005728352;6.92207663381963;6.72549254045243;6.64163269370553;6.73913255945519;6.71768093948525;6.64658238879271;6.8212583318297;6.75915198816922;6.74512514660323;6.79972998966452;6.33471130423578;7.41080978209993;6.78633395860379;5.71415089065227;5.2602661302477;5.29942912098638;
Asie de l’Est et Pacifique;EAS;Chômage, total (% de la population) (estimation modélisée OIT);SL.UEM.TOTL.ZS;3.55420828634153;3.95674303523231;4.25600174706397;4.46994570713792;4.42042962261375;4.46538303958669;4.34189971837131;4.2946239136738;4.37313894233402;4.46622743993614;4.21713753627349;4.12281542064571;4.05312532673053;4.03852869929477;4.01783996091461;4.08251292816983;3.99580515839642;3.86565024174878;3.74497476910225;3.81472100039499;4.28970049892231;4.05434245252657;4.08953119146495;3.85771244035512;3.7829268239278;
Europe et Asie centrale (hors revenu élevé);ECA;Chômage, total (% de la population) (estimation modélisée OIT);SL.UEM.TOTL.ZS;10.7484483274832;10.6399597923014;10.6903128740959;10.2782186342322;10.1062399665294;9.57056994537054;9.0830267439186;8.55021046052096;8.55147985690813;10.1898182867484;9.55793535586369;8.91532060706308;8.64242027667242;8.60521697776517;9.00771634449388;9.01450551916038;9.09229787087035;8.99139932461298;8.66101950653445;9.16433393973069;9.31621048521721;9.01039307351182;7.81560463809743;7.33376867158914;6.91057128596901;
Europe et Asie centrale;ECS;Chômage, total (% de la population) (estimation modélisée OIT);SL.UEM.TOTL.ZS;9.68992008060942;9.0597384927959;9.0771120750963;9.11004508916415;9.04901402128379;8.71935150265075;8.15320793295983;7.23133641607482;7.16237379951304;9.05903268839953;9.11902260665955;8.85652838623603;9.07606735428657;9.27240168813787;8.95704294806211;8.57212387627213;8.0933160962511;7.49984064761938;6.89825188854958;6.64330196939745;7.10924397392522;6.90965916550803;5.85828628199525;5.58873341804014;5.36822095780443;
Équateur;ECU;Chômage, total (% de la population) (estimation modélisée OIT);SL.UEM.TOTL.ZS;4.8;4.252;4.836;5.662;5.002;3.779;3.55;3.142;3.917;4.608;4.088;3.458;3.235;3.083;3.48;3.616;4.597;3.836;3.53;3.812;6.127;4.552;3.761;3.51;4.773;
Égypte; République arabe d’;EGY;Chômage, total (% de la population) (estimation modélisée OIT);7.95;8.98;9.26;10.01;10.91;10.32;11.049;10.49;8.8;8.517;9.087;8.757;11.849;12.597;13.154;13.105;13.052;12.45;11.767;9.855;7.851;7.974;7.441;7.344;7.334;7.198
Zone euro;EMU;Chômage, total (% de la population) (estimation modélisée OIT);SL.UEM.TOTL.ZS;9.47224221882325;8.4187233272483;8.67984727101411;9.02087575338458;9.29041121484406;9.150301070873;8.430195160078;7.53799190995893;7.54469445681293;9.63497145563048;10.1759838228201;10.2620513591197;11.416171061834;11.9989116590454;11.6282144784814;10.8852194826771;10.0364611752646;9.07353382127944;8.16092484825284;7.52006174791197;7.83001752658849;7.72209813329502;6.74901273938354;6.5646094180748;6.41045223631567;
Érythrée;ERI;Chômage, total (% de la population) (estimation modélisée OIT);SL.UEM.TOTL.ZS;5.608;5.678;5.708;5.679;5.569;5.579;5.566;5.575;5.524;5.583;5.675;5.614;5.501;5.423;5.43;5.541;5.554;5.577;5.511;5.552;6.088;6.177;5.695;5.586;5.553;
Espagne;ESP;Chômage, total (% de la population) (estimation modélisée OIT);SL.UEM.TOTL.ZS;13.785;10.348;11.146;11.283;11.09;9.146;8.452;8.232;11.254;17.857;19.86;21.39;24.789;26.094;24.441;22.057;19.635;17.224;15.255;14.104;15.532;14.781;12.917;12.179;11.394;
Estonie;EST;Chômage, total (% de la population) (estimation modélisée OIT);SL.UEM.TOTL.ZS;13.36;13.134;10.026;11.288;10.248;8.033;5.915;4.592;5.455;13.548;16.707;12.328;10.021;8.631;7.352;6.412;6.882;5.807;5.412;4.514;6.956;6.178;5.571;6.378;7.828;
Éthiopie;ETH;Chômage, total (% de la population) (estimation modélisée OIT);SL.UEM.TOTL.ZS;3.5;3.176;3.06;2.995;2.767;2.497;2.351;2.347;2.335;2.331;2.3;2.275;2.255;2.251;2.359;2.443;2.554;2.662;2.802;2.917;3.994;3.935;3.409;3.402;3.398;
Union européenne;EUU;Chômage, total (% de la population) (estimation modélisée OIT);SL.UEM.TOTL.ZS;9.70649119804801;9.21023056618187;9.56476274801543;9.70369491292603;9.85633754377984;9.63224855265433;8.68751413375083;7.50271309325279;7.24179998656737;9.21231120124255;9.87432248381671;9.9295874563508;10.8755028252317;11.3506370910569;10.8289812637527;10.0201862137305;9.10968305462766;8.1361540581006;7.25621058383303;6.68649109760781;7.04821860006322;7.01183843029148;6.14302856971608;6.02944529696582;5.91623201139336;
Fragile et les situations de conflit touchées;FCS;Chômage, total (% de la population) (estimation modélisée OIT);SL.UEM.TOTL.ZS;5.88813224341885;5.80264993621776;5.77082847201375;5.64180971833322;5.48617912534708;5.17532128815233;5.04106352666451;4.96680136077522;5.00330426897512;5.05816095420724;5.13393632566262;5.17980481339294;5.24340820566146;5.23081343093215;5.37407223056533;5.47064138133532;5.61701548557091;5.83065194153996;5.82973963441827;5.87910736649221;6.65180755643263;6.77761944075494;5.60917621194441;5.20087833966654;5.02124845086415;
Finlande;FIN;Chômage, total (% de la population) (estimation modélisée OIT);SL.UEM.TOTL.ZS;11.134;10.29;10.423;10.469;10.358;9.602;8.935;6.854;6.369;8.249;8.394;7.781;7.689;8.193;8.663;9.376;8.818;8.64;7.361;6.695;7.759;7.617;6.719;7.151;8.26;
Fidji;FJI;Chômage, total (% de la population) (estimation modélisée OIT);SL.UEM.TOTL.ZS;4.7;4.695;4.769;4.738;4.7;3.886;3.958;4.106;4.185;4.305;4.343;4.406;4.375;4.357;4.325;4.291;4.319;4.324;4.335;4.373;4.649;4.701;4.446;4.322;4.307;
France;FRA;Chômage, total (% de la population) (estimation modélisée OIT);SL.UEM.TOTL.ZS;10.218;8.61;8.702;8.306;8.914;8.882;8.832;8.008;7.386;9.122;9.279;9.228;9.841;9.913;10.273;10.354;10.057;9.409;9.018;8.415;8.009;7.874;7.308;7.335;7.37;
Îles Féroé;FRO;Chômage, total (% de la population) (estimation modélisée OIT);SL.UEM.TOTL.ZS;;;;;;;;;;;;;;;;;;;;;;;;;;
Micronésie; États fédérés de;FSM;Chômage, total (% de la population) (estimation modélisée OIT);;;;;;;;;;;;;;;;;;;;;;;;;;
Gabon;GAB;Chômage, total (% de la population) (estimation modélisée OIT);SL.UEM.TOTL.ZS;17.789;17.762;17.351;17.119;17.095;16.91;17.785;18.261;19.191;19.753;20.39;19.941;19.728;19.794;19.916;19.978;20.134;20.303;20.439;20.358;21.27;21.218;20.399;20.278;20.061;
Royaume-Uni;GBR;Chômage, total (% de la population) (estimation modélisée OIT);SL.UEM.TOTL.ZS;5.558;4.696;5.037;4.807;4.594;4.835;5.411;5.342;5.705;7.627;7.924;8.169;8.25;7.704;6.363;5.517;4.867;4.452;4.12;3.613;4.472;4.826;3.73;3.984;4.111;
Géorgie;GEO;Chômage, total (% de la population) (estimation modélisée OIT);SL.UEM.TOTL.ZS;10.82;11.16;12.59;11.51;12.62;13.81;13.57;13.28;17.87;20.71;20.203;19.632;19.653;19.416;17.439;16.506;16.604;13.939;12.667;11.565;11.73;11.791;11.647;11.537;11.48;
Ghana;GHA;Chômage, total (% de la population) (estimation modélisée OIT);SL.UEM.TOTL.ZS;10.456;9.602;8.695;7.72;6.756;5.816;4.897;5.092;5.144;5.348;5.384;4.227;3.141;2.173;4.415;6.806;5.232;3.369;3.253;3.16;3.313;3.384;3.084;3.063;3.007;
Gibraltar;GIB;Chômage, total (% de la population) (estimation modélisée OIT);SL.UEM.TOTL.ZS;;;;;;;;;;;;;;;;;;;;;;;;;;
Guinée;GIN;Chômage, total (% de la population) (estimation modélisée OIT);SL.UEM.TOTL.ZS;4.599;4.597;4.549;4.644;4.743;4.875;4.93;4.818;4.829;4.967;5.097;5.094;4.884;4.967;5.09;5.224;5.013;4.826;4.787;5.018;6.018;5.827;5.267;5.244;5.23;
Gambie;GMB;Chômage, total (% de la population) (estimation modélisée OIT);SL.UEM.TOTL.ZS;9.787;9.708;10.079;10.032;9.991;9.963;10.259;10.428;10.092;9.823;9.723;10.283;10.346;9.454;8.218;7.26;6.285;5.157;4.127;4.538;5.892;6.269;6.076;6.479;6.496;
Guinée-Bissau;GNB;Chômage, total (% de la population) (estimation modélisée OIT);SL.UEM.TOTL.ZS;3.557;3.154;3.181;3.244;3.238;3.174;3.154;3.149;3.164;3.152;3.137;3.08;3.143;3.162;3.254;3.157;3.123;3.066;3.127;2.413;2.89;3.031;2.666;2.65;2.622;
Guinée équatoriale;GNQ;Chômage, total (% de la population) (estimation modélisée OIT);SL.UEM.TOTL.ZS;7.955;8.032;8.09;8.11;8.03;8.008;7.924;7.877;7.831;7.939;8.07;8.045;7.957;7.86;7.845;7.95;7.962;8.004;7.967;8.064;8.781;8.976;8.455;8.367;7.823;
Grèce;GRC;Chômage, total (% de la population) (estimation modélisée OIT);SL.UEM.TOTL.ZS;11.345;10.764;10.346;9.839;10.628;10.074;8.906;8.351;7.664;9.546;12.719;17.973;24.731;27.686;26.708;24.981;23.514;21.413;19.179;17.045;15.899;14.656;12.426;11.066;10.133;
Grenade;GRD;Chômage, total (% de la population) (estimation modélisée OIT);SL.UEM.TOTL.ZS;;;;;;;;;;;;;;;;;;;;;;;;;;
Groenland;GRL;Chômage, total (% de la population) (estimation modélisée OIT);SL.UEM.TOTL.ZS;;;;;;;;;;;;;;;;;;;;;;;;;;
Guatemala;GTM;Chômage, total (% de la population) (estimation modélisée OIT);SL.UEM.TOTL.ZS;2.606;2.745;2.747;2.807;2.971;3.059;2.948;2.824;2.873;3.208;3.497;3.172;2.765;3.017;2.717;2.506;2.583;2.462;2.283;2.193;2.955;2.174;3.051;2.344;2.219;
Guam;GUM;Chômage, total (% de la population) (estimation modélisée OIT);SL.UEM.TOTL.ZS;15.32;13.213;11.39;9.697;7.7;7;7.4;8.3;8.892;9.3;8.2;13.3;12.2;11.5;7.6;6.9;5.4;5.418;5.449;5.401;6.248;5.991;5.454;5.363;5.586;
Guyana;GUY;Chômage, total (% de la population) (estimation modélisée OIT);SL.UEM.TOTL.ZS;11.93;11.806;11.81;11.529;11.28;11.08;10.7;10.846;11.027;11.314;11.636;11.819;12.038;12.303;12.639;13.004;13.257;13.462;13.627;13.172;15.334;14.557;12.013;12.025;10.165;
Revenu élevé;HIC;Chômage, total (% de la population) (estimation modélisée OIT);SL.UEM.TOTL.ZS;7.03270805906465;6.8751686150917;7.19643630375719;7.32052930567125;7.09622097021872;6.78019114019388;6.3014196138006;5.69697316554567;5.93326031978623;8.03879776936146;8.17861292247106;7.80110961842353;7.71230864998509;7.61613526856807;7.03240462712514;6.54313754898565;6.1023115944233;5.57255492117066;5.07062826095132;4.74230573414226;6.42528049057761;5.52627993407203;4.47915987611736;4.32742379174678;4.3864512792173;
Chine; RAS de Hong Kong;HKG;Chômage, total (% de la population) (estimation modélisée OIT);6.25;4.92;5.09;7.28;7.86;6.74;5.58;4.77;4.01;3.56;5.26;4.329;3.422;3.285;3.4;3.296;3.314;3.392;3.124;2.805;2.917;5.808;5.174;4.318;2.949;2.793
Honduras;HND;Chômage, total (% de la population) (estimation modélisée OIT);SL.UEM.TOTL.ZS;3.881;4;4.02;5.3;5.99;4.909;3.574;3.211;3.156;3.292;4.119;4.474;3.755;5.646;7.078;6.147;6.727;5.528;5.648;5.698;10.982;8.506;8.774;6.07;6.061;
Pays pauvres très endettés (PPTE);HPC;Chômage, total (% de la population) (estimation modélisée OIT);SL.UEM.TOTL.ZS;5.15456136215711;5.08284361969071;5.04907920082407;4.99978241919788;4.85956399044133;4.69477294260221;4.60600204258665;4.5512927797348;4.53294980065855;4.57426523463948;4.78976425103905;4.74938707940846;4.55787405742502;4.28006264560717;4.2863349936028;4.42867097391046;4.37144771498706;4.38423696813415;4.3509884503825;4.35891138556294;5.08466986799381;4.99025451599025;4.44664203690213;4.22661765181006;4.21260389549363;
Croatie;HRV;Chômage, total (% de la population) (estimation modélisée OIT);SL.UEM.TOTL.ZS;16.064;15.822;15.053;13.924;13.664;12.598;11.13;9.909;8.53;9.202;11.62;13.678;15.935;17.251;17.29;16.175;13.103;11.208;8.432;6.617;7.507;7.608;6.96;6.086;5.236;
Haïti;HTI;Chômage, total (% de la population) (estimation modélisée OIT);SL.UEM.TOTL.ZS;8.454;9.754;11.046;12.18;13.453;14.587;15.908;16.8;16.195;15.351;15.252;14.485;14.1;13.642;13.755;13.724;13.852;13.881;13.878;14.057;15.546;15.28;14.635;14.556;15.058;
Hongrie;HUN;Chômage, total (% de la population) (estimation modélisée OIT);SL.UEM.TOTL.ZS;6.563;5.671;5.608;5.79;5.832;7.189;7.494;7.406;7.817;10.03;11.172;11.029;11.003;10.177;7.725;6.813;5.115;4.156;3.708;3.419;4.25;4.045;3.609;4.107;4.434;
BIRD seulement;IBD;Chômage, total (% de la population) (estimation modélisée OIT);SL.UEM.TOTL.ZS;6.55733674014356;6.70906109810062;6.9284161843995;6.9971889965357;6.83290388467106;6.75346798322029;6.52808507480571;6.34227162110407;6.31796376394052;6.63425354680695;6.39002749580693;6.27930521286769;6.19573171071027;6.20442864988135;6.18130419096825;6.31504463155657;6.42563161685031;6.40287394664439;6.29423565288986;6.08061330115891;6.97165272530513;6.33890972820408;5.60153415826182;5.16481549355938;5.10889443876907;
BIRD et IDA;IBT;Chômage, total (% de la population) (estimation modélisée OIT);SL.UEM.TOTL.ZS;6.15636406177533;6.27401236486395;6.44386319273026;6.48936010288448;6.33249459281328;6.24361042096154;6.02685240430217;5.86969397610107;5.86055207241041;6.12041508143813;5.90445607325617;5.81915449435049;5.81556936889157;5.78066573046412;5.73847230310674;5.90593917178313;5.9656762543311;5.98894655735445;5.92439685213894;5.78291780985394;6.64349161891375;6.17168860176086;5.42390521920667;5.03559497830807;4.97628769236817;
IDA totale;IDA;Chômage, total (% de la population) (estimation modélisée OIT);SL.UEM.TOTL.ZS;4.43736752604206;4.42897478791304;4.41008767057407;4.37881771014038;4.2705304437059;4.16028760037332;4.00351816054756;3.98627700895223;4.0650109547676;4.13694636655913;4.06419605108702;4.10062761471477;4.41473029452787;4.23966362366824;4.13935624675978;4.44600881534174;4.34425658266458;4.55218158153548;4.66056541533335;4.78267538138002;5.57685316149891;5.63088102209667;4.86219567527372;4.6258035699256;4.55947956895238;
IDA mélange;IDB;Chômage, total (% de la population) (estimation modélisée OIT);SL.UEM.TOTL.ZS;3.83122287611329;3.71181064698121;3.4992945044798;3.35655484412998;3.19278033434148;3.12690084888815;3.02523956314352;2.87935413442798;2.90348604228769;2.94866087236844;2.99311166965188;3.01891543013698;3.94029188984292;3.68009388175071;3.38837773144256;4.0689432554606;3.81818090299001;4.40074784684901;4.84749926503425;5.20102075138375;6.00035968627457;5.98291664974636;4.93203945664766;4.51808369615567;4.47542622339935;
Indonésie;IDN;Chômage, total (% de la population) (estimation modélisée OIT);SL.UEM.TOTL.ZS;6.077;6.082;6.604;6.657;7.303;7.945;7.551;8.06;7.208;6.106;5.614;5.153;4.468;4.336;4.049;4.514;4.301;3.783;4.387;3.59;4.255;3.827;3.462;3.308;3.3;
IDA seulement;IDX;Chômage, total (% de la population) (estimation modélisée OIT);SL.UEM.TOTL.ZS;4.7402535311592;4.78876299370423;4.86716569453116;4.89308714574213;4.8143441464966;4.68190923164703;4.49790083630651;4.54817783656527;4.6569544736643;4.74483432644538;4.61400162021072;4.65509327393164;4.65932891930957;4.52928575972183;4.52934874353525;4.64401561911986;4.62072484912705;4.63129659471406;4.56356857145765;4.56547551945593;5.35492848170194;5.44549655001937;4.82557394978687;4.68393546436256;4.60522000844804;
Île de Man;IMN;Chômage, total (% de la population) (estimation modélisée OIT);SL.UEM.TOTL.ZS;;;;;;;;;;;;;;;;;;;;;;;;;;
Inde;IND;Chômage, total (% de la population) (estimation modélisée OIT);SL.UEM.TOTL.ZS;7.624;7.653;7.753;7.68;7.625;7.552;7.552;7.561;7.656;7.664;7.652;7.616;7.666;7.711;7.674;7.631;7.601;7.618;7.652;6.51;7.859;6.38;4.822;4.172;4.202;
Non classifié;INX;Chômage, total (% de la population) (estimation modélisée OIT);SL.UEM.TOTL.ZS;;;;;;;;;;;;;;;;;;;;;;;;;;
Irlande;IRL;Chômage, total (% de la population) (estimation modélisée OIT);SL.UEM.TOTL.ZS;4.318;3.684;4.216;4.478;4.491;4.237;4.355;4.98;6.774;12.609;14.534;15.354;15.451;13.735;11.858;9.908;8.374;6.713;5.741;4.95;5.623;6.364;4.501;4.288;4.369;
Iran; République islamique d’;IRN;Chômage, total (% de la population) (estimation modélisée OIT);11.173;11.696;12.36;12.8;11.529;10.3;11.813;11.519;10.772;10.63;12.113;13.679;12.491;12.275;10.595;10.68;11.166;12.618;12.232;12.195;10.74;9.687;9.282;9.085;9.041;9.192
Iraq;IRQ;Chômage, total (% de la population) (estimation modélisée OIT);SL.UEM.TOTL.ZS;8.058;8.261;8.621;8.955;8.719;8.578;8.42;8.646;8.467;8.414;8.267;8.191;7.965;9.205;10.59;10.842;10.82;13.02;13.49;14.109;15.778;16.173;15.511;15.447;15.524;
Islande;ISL;Chômage, total (% de la population) (estimation modélisée OIT);SL.UEM.TOTL.ZS;1.936;1.874;2.988;3.997;4.031;2.547;2.83;2.251;2.946;7.22;7.564;7.028;6;5.376;4.897;3.979;2.978;2.742;2.704;3.507;5.478;6.029;3.789;3.518;3.107;
Israël;ISR;Chômage, total (% de la population) (estimation modélisée OIT);SL.UEM.TOTL.ZS;11.102;11.812;12.888;13.505;13.029;11.342;10.707;9.379;7.704;9.534;8.48;7.139;6.762;6.137;5.789;5.176;4.723;4.14;3.917;3.731;4.169;4.812;3.695;3.596;3.15;
Italie;ITA;Chômage, total (% de la population) (estimation modélisée OIT);SL.UEM.TOTL.ZS;10.834;9.599;9.211;8.869;7.866;7.73;6.777;6.076;6.723;7.749;8.363;8.359;10.655;12.149;12.683;11.896;11.688;11.211;10.61;9.951;9.164;9.497;8.069;7.627;6.778;
Jamaïque;JAM;Chômage, total (% de la population) (estimation modélisée OIT);SL.UEM.TOTL.ZS;6.762;6.646;6.619;6.535;6.539;6.577;6.605;6.606;6.666;7.314;7.63;8.034;8.695;9.698;9.046;8.825;8.634;7.399;5.47;4.987;6.501;5.188;4.083;4.4;4.885;
Jordanie;JOR;Chômage, total (% de la population) (estimation modélisée OIT);SL.UEM.TOTL.ZS;13.7;14.7;15.3;14.5;14.628;14.8;14;13.1;12.7;12.9;12.5;12.9;12.2;12.6;11.9;13.075;15.275;18.12;18.257;16.801;19.213;19.837;18.2;17.969;17.996;
Japon;JPN;Chômage, total (% de la population) (estimation modélisée OIT);SL.UEM.TOTL.ZS;4.748;5.02;5.386;5.251;4.734;4.446;4.192;3.888;4.002;5.068;5.102;4.55;4.358;4.038;3.589;3.385;3.132;2.822;2.467;2.351;2.809;2.828;2.6;2.6;2.563;
Kazakhstan;KAZ;Chômage, total (% de la population) (estimation modélisée OIT);SL.UEM.TOTL.ZS;12.75;10.43;9.33;8.78;8.4;8.13;7.79;7.26;6.63;6.55;5.77;5.39;5.29;5.2;5.06;4.93;4.96;4.9;4.85;4.8;4.89;5.546;4.86;4.821;4.794;
Kenya;KEN;Chômage, total (% de la population) (estimation modélisée OIT);SL.UEM.TOTL.ZS;2.889;2.881;2.919;2.873;2.848;2.745;2.68;2.65;2.756;2.818;2.796;2.704;2.682;2.764;2.768;2.762;2.757;3.541;4.284;5.014;5.619;5.693;5.707;5.567;5.434;
République kirghize;KGZ;Chômage, total (% de la population) (estimation modélisée OIT);SL.UEM.TOTL.ZS;1.858;1.95;2.065;2.162;2.259;2.362;2.48;2.577;2.642;2.744;2.887;2.999;3.114;3.153;3.262;3.338;3.474;3.57;3.67;4.295;4.63;4.096;4.043;3.991;3.289;
Cambodge;KHM;Chômage, total (% de la population) (estimation modélisée OIT);SL.UEM.TOTL.ZS;0.744;0.774;0.852;0.909;1.003;1.064;1.152;1.257;0.825;0.579;0.771;0.577;0.496;0.438;0.692;0.393;0.716;0.141;0.13;0.119;0.172;0.396;0.231;0.225;0.27;
Kiribati;KIR;Chômage, total (% de la population) (estimation modélisée OIT);SL.UEM.TOTL.ZS;;;;;;;;;;;;;;;;;;;;;;;;;;
Saint-Kitts-et-Nevis;KNA;Chômage, total (% de la population) (estimation modélisée OIT);SL.UEM.TOTL.ZS;;;;;;;;;;;;;;;;;;;;;;;;;;
Corée; République de;KOR;Chômage, total (% de la population) (estimation modélisée OIT);6.342;4.063;3.699;3.046;3.348;3.42;3.482;3.254;3.013;2.959;3.363;3.324;2.992;2.812;2.747;3.082;3.546;3.65;3.653;3.824;3.746;3.931;3.639;2.857;2.675;2.604
Koweït;KWT;Chômage, total (% de la population) (estimation modélisée OIT);SL.UEM.TOTL.ZS;0.8;0.8;1.1;1.3;1.7;1.456;1.3;1.5;1.75;1.64;1.82;2.053;2.231;2.471;2.9;2.2;2.16;2.227;2.204;2.251;3.557;3.002;2.174;2.127;2.144;
Amérique latine et Caraïbes (hors revenu élevé);LAC;Chômage, total (% de la population) (estimation modélisée OIT);SL.UEM.TOTL.ZS;9.17880511924025;8.76934570875188;8.98057245087423;8.81214150247622;8.35649867640254;8.04270891726132;7.48657485875276;7.15778822183309;6.76370914253841;7.7626716910905;7.13926726786173;6.6481507111989;6.37017560986546;6.29065163047293;6.09746940587174;6.69224523331841;7.89208553630397;8.21313906908208;8.07033178581621;8.11517433962502;10.2741273901423;9.23355868723715;6.90218174932878;6.11953093081959;6.15485627682284;
République démocratique populaire lao;LAO;Chômage, total (% de la population) (estimation modélisée OIT);SL.UEM.TOTL.ZS;2.046;1.88;1.775;1.639;1.498;1.35;1.198;1.067;0.943;0.834;0.708;1.055;1.399;1.757;2.119;2.494;2.881;3.268;2.9;2.537;2.361;2.066;1.209;1.188;1.218;
Liban;LBN;Chômage, total (% de la population) (estimation modélisée OIT);SL.UEM.TOTL.ZS;8.603;8.464;8.229;8.05;7.85;8.247;8.671;8.98;7.666;6.355;6.775;7.349;7.937;8.458;8.833;9.306;9.786;10.251;10.745;11.301;13.284;12.669;11.6;11.543;;
Libéria;LBR;Chômage, total (% de la population) (estimation modélisée OIT);SL.UEM.TOTL.ZS;2.231;2.294;2.318;2.586;2.589;2.577;2.283;2.235;2.222;2.242;2.266;2.211;2.146;2.08;2.079;2.557;3.081;3.066;3.056;3.068;4.109;3.845;2.977;2.933;2.882;
Libye;LBY;Chômage, total (% de la population) (estimation modélisée OIT);SL.UEM.TOTL.ZS;19.201;19.228;19.247;19.045;18.911;18.639;18.779;18.745;19.006;19.247;19.276;19.478;19.03;19.327;19.308;19.676;19.522;19.02;18.836;19.05;19.613;19.641;19.282;18.753;18.615;
Sainte-Lucie;LCA;Chômage, total (% de la population) (estimation modélisée OIT);SL.UEM.TOTL.ZS;16.49;18.546;20.39;22.18;20.97;18.7;16;14;12.72;15.37;17.12;18.86;19.06;22.21;21.597;20.858;19.933;19.136;19.329;15.613;25.224;20.514;15.934;11.092;10.928;
Amérique latine et Caraïbes;LCN;Chômage, total (% de la population) (estimation modélisée OIT);SL.UEM.TOTL.ZS;9.461823301645;9.06712263436888;9.40654864245774;9.26710791882219;8.75123322039467;8.23794709018145;7.61474207480055;7.22595307624675;6.83866675691087;7.81388307206222;7.21085524188726;6.70840465304812;6.4145010088502;6.36948843131824;6.17509633664962;6.66835528355285;7.72950812252869;8.02872636932909;7.93233089575174;8.00039639339805;10.2142816414883;9.15752048997139;6.91530046339274;6.20743027327999;6.23851055377876;
Pays les moins avancés: classement de l’ONU;LDC;Chômage, total (% de la population) (estimation modélisée OIT);SL.UEM.TOTL.ZS;4.69621008348711;4.73001281601625;4.82174153665723;4.89718421087389;4.85500517442508;4.7933419733345;4.67780142276993;4.73851508145321;4.79588302722657;4.88648869121684;4.76194435567874;4.86193896689137;4.84468039187204;4.79478604222837;4.75129356604226;4.83938455097352;4.90683769238846;4.96947310302949;4.8870235507301;4.88614655379023;5.63912879862034;5.75302416584841;5.08844456845939;4.94642314711997;4.89153403312394;
Faible revenu;LIC;Chômage, total (% de la population) (estimation modélisée OIT);SL.UEM.TOTL.ZS;5.05325296384139;5.04425190317317;5.00600936664693;4.94435362049553;4.79199645281766;4.63002983441076;4.63012611071799;4.6646657302302;4.7866662833833;4.66481059757105;4.81401913021269;4.85400905596144;4.93661936440835;4.76439469290275;4.74643644853186;4.86329466984677;4.96460707270764;5.05750451691876;4.97554452810785;4.99494314733493;5.68731646365826;5.70873263357671;5.07394035163587;4.9067296311379;4.73509120267984;
Liechtenstein;LIE;Chômage, total (% de la population) (estimation modélisée OIT);SL.UEM.TOTL.ZS;;;;;;;;;;;;;;;;;;;;;;;;;;
Sri Lanka;LKA;Chômage, total (% de la population) (estimation modélisée OIT);SL.UEM.TOTL.ZS;7.74;7.9;8.76;8.22;8.38;7.67;6.5;5.97;5.22;5.85;4.784;4.118;3.88;4.186;4.157;4.519;4.242;4.046;4.318;4.67;5.364;4.981;4.528;5.997;4.996;
Revenu intermédiaire; tranche inférieure;LMC;Chômage, total (% de la population) (estimation modélisée OIT);6.13798375931515;6.1542605439857;6.18145872315675;6.20245827417103;6.18917887907052;6.09972444268922;6.05766533511078;5.93897840957532;5.84137640550229;5.88766073496643;5.94808466605321;5.81020043210756;5.89710136245807;6.09037629146415;6.07727950320533;6.00331602768432;6.14822585838289;6.03309865819284;6.12168566458668;6.11409397114733;5.62039668810011;6.66380926217302;6.0122012019493;4.8436880217257;4.4022140714888;4.39213045101583
Revenu faible et intermédiaire;LMY;Chômage, total (% de la population) (estimation modélisée OIT);SL.UEM.TOTL.ZS;5.82506784093745;5.97971866318132;6.16707643242539;6.21890508087142;6.08787122816507;6.05529906477874;5.87510160998857;5.79158371164147;5.80307127411395;5.99054099747747;5.7821922404306;5.72285535905579;5.7525525338193;5.70841810763195;5.68611294257787;5.86808072014731;5.94980345886318;5.99678702133241;5.94758218404823;5.81381616292644;6.6515900324549;6.19361989007564;5.45251358879628;5.05976552198271;5.01335857931836;
Lesotho;LSO;Chômage, total (% de la population) (estimation modélisée OIT);SL.UEM.TOTL.ZS;16.227;16.141;16.137;16.113;16.206;16.086;16.107;15.997;15.907;16.16;16.113;16.157;15.813;15.97;16.104;16.254;16.17;16.401;16.625;16.876;18.399;18.23;16.688;16.457;16.147;
de dividende tardif démographique;LTE;Chômage, total (% de la population) (estimation modélisée OIT);SL.UEM.TOTL.ZS;5.28526433408884;5.46861267600564;5.65373560300308;5.8902181874939;5.69586904377881;5.62015574834697;5.36881866209801;5.1047663227494;5.13665502190526;5.56632674579842;5.23949761950138;5.10679542501226;5.01831819353454;4.99905943583804;4.92770079242532;5.10020518821698;5.26933984483668;5.26018396626271;5.03962485623598;5.185075164245;5.9184077587943;5.49510544394083;5.1827288093095;4.80560627805011;4.65080025903247;
Lituanie;LTU;Chômage, total (% de la population) (estimation modélisée OIT);SL.UEM.TOTL.ZS;15.931;16.84;13.008;12.874;10.684;8.325;5.78;4.25;5.826;13.785;17.814;15.39;13.365;11.77;10.698;9.12;7.862;7.073;6.147;6.255;8.487;7.112;5.955;6.841;7.504;
Luxembourg;LUX;Chômage, total (% de la population) (estimation modélisée OIT);SL.UEM.TOTL.ZS;2.345;1.805;2.621;3.675;5.113;4.488;4.731;4.065;5.06;5.194;4.423;5.122;5.03;6.045;6.044;6.796;6.669;5.523;5.589;5.592;6.766;5.571;4.588;5.184;5.935;
Lettonie;LVA;Chômage, total (% de la population) (estimation modélisée OIT);SL.UEM.TOTL.ZS;14.211;13.821;13.829;12.061;11.708;10.033;7.03;6.052;7.739;17.515;19.482;16.206;15.047;11.867;10.846;9.873;9.643;8.715;7.412;6.312;8.098;7.513;6.815;6.465;6.72;
Région administrative spéciale de Macao; Chine;MAC;Chômage, total (% de la population) (estimation modélisée OIT);6.348;6.874;6.393;6.267;5.995;4.904;4.158;3.822;3.269;2.999;3.58;2.84;2.56;1.97;1.82;1.67;1.81;1.939;1.987;1.834;1.749;2.566;2.229;2.482;2.235;2.437
Saint-Martin (fr);MAF;Chômage, total (% de la population) (estimation modélisée OIT);SL.UEM.TOTL.ZS;;;;;;;;;;;;;;;;;;;;;;;;;;
Maroc;MAR;Chômage, total (% de la population) (estimation modélisée OIT);SL.UEM.TOTL.ZS;13.58;12.46;11.59;11.92;10.83;11.01;9.67;9.56;9.57;8.96;9.09;8.91;8.99;9.23;9.7;9.46;9.3;9.223;9.271;9.194;11.223;10.576;9.494;9.044;8.943;
Monaco;MCO;Chômage, total (% de la population) (estimation modélisée OIT);SL.UEM.TOTL.ZS;;;;;;;;;;;;;;;;;;;;;;;;;;
Moldova;MDA;Chômage, total (% de la population) (estimation modélisée OIT);SL.UEM.TOTL.ZS;8.539;7.366;6.845;6.378;6.374;5.633;4.2;2.723;2.073;2.987;2.937;2.648;2.151;1.873;1.425;1.742;1.557;1.586;1.196;1.466;1.186;0.785;0.897;1.555;1.434;
Madagascar;MDG;Chômage, total (% de la population) (estimation modélisée OIT);SL.UEM.TOTL.ZS;5.8;5.35;5.502;5.01;3.946;2.62;2.946;3.205;3.438;3.887;4.28;2.512;0.599;0.996;1.386;1.785;1.947;2.119;2.297;2.469;3.284;3.487;3.186;3.069;3.012;
Maldives;MDV;Chômage, total (% de la population) (estimation modélisée OIT);SL.UEM.TOTL.ZS;1.97;3.083;4.148;5.134;6.1;7.328;8.392;9.447;10.242;11.697;10.881;10.06;9.14;8.3;7.477;6.604;5.771;5.401;4.95;4.562;5.434;5.024;4.419;4.241;4.636;
Afrique du Nord et Moyen-Orient;MEA;Chômage, total (% de la population) (estimation modélisée OIT);SL.UEM.TOTL.ZS;12.0659790449942;12.1172993689779;12.2487854966226;11.9537374747182;10.8013378017869;10.925054516174;10.2358225951896;9.72281995211598;9.39933783493578;9.57287921323064;9.77181876393191;10.2969242190765;10.6280667059582;10.3267324376327;10.3941019006343;10.6419856021044;10.6970069360405;10.8782866566393;10.5036929963006;9.86675350055065;10.6169996140398;10.2348915008261;9.59898977494279;9.12057231205856;9.05183702863273;
Mexique;MEX;Chômage, total (% de la population) (estimation modélisée OIT);SL.UEM.TOTL.ZS;2.646;2.627;3.003;3.455;3.937;3.558;3.566;3.628;3.874;5.356;5.303;5.175;4.892;4.921;4.819;4.311;3.853;3.419;3.275;3.477;4.44;4.019;3.256;2.765;2.711;
Îles Marshall;MHL;Chômage, total (% de la population) (estimation modélisée OIT);SL.UEM.TOTL.ZS;;;;;;;;;;;;;;;;;;;;;;;;;;
Revenu intermédiaire;MIC;Chômage, total (% de la population) (estimation modélisée OIT);SL.UEM.TOTL.ZS;5.88304695947759;6.05049259322488;6.25584014818253;6.3173040988481;6.18885049152275;6.16749725806675;5.97439394001353;5.88261267196706;5.88645246129866;6.10091638579738;5.86419604967522;5.79802070998136;5.82412608057555;5.79240539896654;5.76987718850459;5.95785948844532;6.03867353190608;6.08241674326591;6.03767380152027;5.89092200068711;6.74459124688732;6.24057366273373;5.49003888963743;5.07451236816572;5.0401121620372;
Macédoine du Nord;MKD;Chômage, total (% de la population) (estimation modélisée OIT);SL.UEM.TOTL.ZS;32.2;30.52;31.94;36.69;37.161;37.32;36.392;35.231;33.93;32.351;33.135;31.502;31.096;29.017;28.215;26.395;24.312;22.857;21.208;17.414;16.575;15.801;14.476;13.174;13.417;
Mali;MLI;Chômage, total (% de la population) (estimation modélisée OIT);SL.UEM.TOTL.ZS;1.414;1.338;1.364;1.281;1.412;1.379;1.425;1.405;1.424;1.423;1.405;1.422;1.482;1.516;1.474;1.401;1.367;1.494;1.62;3.29;3.528;3.966;2.387;2.956;3.06;
Malte;MLT;Chômage, total (% de la population) (estimation modélisée OIT);SL.UEM.TOTL.ZS;6.324;7.107;6.902;7.488;7.317;6.923;6.798;6.472;5.977;6.889;6.847;6.378;6.197;6.106;5.725;5.389;4.687;4.002;3.658;3.616;4.347;3.394;2.921;3.11;2.703;
Myanmar;MMR;Chômage, total (% de la population) (estimation modélisée OIT);SL.UEM.TOTL.ZS;0.717;0.694;0.69;0.691;0.682;0.676;0.68;0.687;0.703;0.715;0.727;0.75;0.767;0.775;0.763;0.766;1.058;1.356;0.767;0.407;1.476;4.34;3.057;3.032;3.032;
Afrique du Nord et Moyen-Orient (hors revenu élevé);MNA;Chômage, total (% de la population) (estimation modélisée OIT);SL.UEM.TOTL.ZS;13.0877495079356;13.1464539707387;13.2558468065664;12.8893666155094;11.5649676249084;11.7714604908044;11.0251120353181;10.5652691193774;10.3634127446286;10.5232088296104;10.7944576699063;11.5209335503988;12.0462298614207;11.7914429090177;11.9209358883593;12.4017308339049;12.556017297494;12.7533116885525;12.2901292184688;11.5250546310595;12.1031227262636;11.7584549541875;11.1820203083755;10.8670875152924;10.8587476656264;
Monténégro;MNE;Chômage, total (% de la population) (estimation modélisée OIT);SL.UEM.TOTL.ZS;30.609;30.741;30.423;30.458;30.37;30.31;24.79;19.4;17.15;19.09;19.649;19.759;19.808;19.585;18.054;17.555;17.732;16.082;15.19;15.128;17.878;16.543;14.851;14.621;14.1;
Mongolie;MNG;Chômage, total (% de la population) (estimation modélisée OIT);SL.UEM.TOTL.ZS;5.993;6.111;6.2;6.768;6.854;7.017;7.193;7.2;5.565;5.86;6.549;4.769;3.905;4.231;4.798;4.861;7.235;6.359;5.377;9.269;6.594;7.747;6.211;5.503;5.424;
Mariannes;MNP;Chômage, total (% de la population) (estimation modélisée OIT);SL.UEM.TOTL.ZS;;;;;;;;;;;;;;;;;;;;;;;;;;
Mozambique;MOZ;Chômage, total (% de la population) (estimation modélisée OIT);SL.UEM.TOTL.ZS;2.833;2.839;2.903;2.859;2.955;3.037;3.039;3.084;3.114;3.208;3.261;3.296;3.305;3.346;3.377;3.426;3.457;3.539;3.604;3.646;3.921;4.053;3.596;3.519;3.527;
Mauritanie;MRT;Chômage, total (% de la population) (estimation modélisée OIT);SL.UEM.TOTL.ZS;10.033;10.125;10.185;9.921;9.791;9.626;9.37;9.524;9.735;10.186;10.075;9.968;9.864;9.929;10.028;10.108;10.283;10.336;10.407;10.416;11.054;11.144;10.531;10.446;10.373;
Maurice;MUS;Chômage, total (% de la population) (estimation modélisée OIT);SL.UEM.TOTL.ZS;9.138;9.14;8.205;8.311;8.337;9.524;9.04;8.475;7.17;7.257;7.654;7.447;7.472;7.322;7.467;7.41;6.814;6.752;6.426;6.331;8.626;7.719;6.322;5.571;5.476;
Malawi;MWI;Chômage, total (% de la population) (estimation modélisée OIT);SL.UEM.TOTL.ZS;5.048;5.209;5.233;5.157;4.971;4.944;4.96;4.888;4.814;4.754;4.798;4.842;4.952;4.978;4.967;4.954;5.007;5.039;5.014;4.966;5.728;5.662;5.037;5.033;5.045;
Malaisie;MYS;Chômage, total (% de la population) (estimation modélisée OIT);SL.UEM.TOTL.ZS;3;3.53;3.48;3.61;3.54;3.53;3.32;3.23;3.32;3.66;3.39;3.05;3.1;3.16;2.88;3.1;3.44;3.41;3.3;3.26;4.54;4.64;3.93;3.869;3.826;
Amérique du Nord;NAC;Chômage, total (% de la population) (estimation modélisée OIT);SL.UEM.TOTL.ZS;4.27316817166147;4.97961964201139;5.97486412366027;6.15326151532504;5.70124819512877;5.25750859640354;4.81614395081572;4.78243165759455;5.83652846325955;9.16994852137916;9.47756352715347;8.80774450806862;7.99579367477073;7.34971608309856;6.26105883004492;5.46118094681104;5.10423603490588;4.58063287231783;4.10818783801368;3.89170553373765;8.23062385811362;5.59214283036202;3.83340806531303;3.84181538522376;4.37576495826356;
Namibie;NAM;Chômage, total (% de la population) (estimation modélisée OIT);SL.UEM.TOTL.ZS;20.3;20.98;21.5;22.052;22.09;22.107;21.876;22.119;22.017;22.254;22.12;19.476;16.771;19.028;18.521;20.808;23.352;21.733;19.877;19.921;21.004;20.922;19.695;19.365;19.148;
Nouvelle-Calédonie;NCL;Chômage, total (% de la population) (estimation modélisée OIT);SL.UEM.TOTL.ZS;17.984;17.441;17.074;16.716;16.31;15.769;15.236;14.757;14.367;13.97;13.95;13.935;14.051;14.347;14.59;13.637;12.714;11.676;11.702;10.88;13.558;11.54;10.71;10.939;11.15;
Niger;NER;Chômage, total (% de la population) (estimation modélisée OIT);SL.UEM.TOTL.ZS;1.431;1.47;1.813;2.156;2.747;3.1;2.536;2.032;1.592;1.209;0.722;0.316;2.177;1.397;0.524;0.553;0.548;0.554;0.535;0.531;0.594;0.78;0.418;0.425;0.355;
Nigéria;NGA;Chômage, total (% de la population) (estimation modélisée OIT);SL.UEM.TOTL.ZS;3.963;3.91;3.681;3.648;3.601;3.734;3.756;3.799;3.795;3.766;3.746;3.77;3.76;3.711;3.902;4.135;4.499;4.828;5.067;5.206;5.742;5.45;3.821;3.074;2.989;
Nicaragua;NIC;Chômage, total (% de la population) (estimation modélisée OIT);SL.UEM.TOTL.ZS;7.162;7.203;7.513;7.6;6.41;5.37;5.31;4.89;6.2;8.16;7.83;6.618;5.208;5.28;4.52;4.7;3.9;3.3;5.2;5.472;6.201;6.118;4.961;4.716;4.574;
Pays-Bas;NLD;Chômage, total (% de la population) (estimation modélisée OIT);SL.UEM.TOTL.ZS;2.725;2.119;2.554;3.593;4.646;5.872;5.007;4.153;3.658;4.352;4.991;4.977;5.821;7.241;7.419;6.872;6.007;4.837;3.832;3.379;3.82;4.209;3.526;3.537;3.599;
Norvège;NOR;Chômage, total (% de la population) (estimation modélisée OIT);SL.UEM.TOTL.ZS;3.458;3.738;4.022;4.221;4.256;4.381;3.397;2.493;2.521;3.1;3.527;3.196;3.129;3.425;3.486;4.296;4.68;4.164;3.801;3.684;4.424;4.359;3.231;3.572;3.97;
Népal;NPL;Chômage, total (% de la population) (estimation modélisée OIT);SL.UEM.TOTL.ZS;10.551;10.504;10.632;10.702;10.71;10.617;10.639;10.683;10.613;10.587;10.554;10.64;10.643;10.687;10.617;10.644;10.742;10.66;10.559;10.389;12.975;12.186;10.844;10.628;10.706;
Nauru;NRU;Chômage, total (% de la population) (estimation modélisée OIT);SL.UEM.TOTL.ZS;;;;;;;;;;;;;;;;;;;;;;;;;;
Nouvelle-Zélande;NZL;Chômage, total (% de la population) (estimation modélisée OIT);SL.UEM.TOTL.ZS;6.13;5.433;5.282;4.745;4.005;3.807;3.857;3.661;4.167;6.121;6.557;6.491;6.931;5.839;5.428;5.415;5.147;4.736;4.335;4.109;4.595;3.776;3.297;3.729;4.869;
Pays membres de l'OCDE;OED;Chômage, total (% de la population) (estimation modélisée OIT);SL.UEM.TOTL.ZS;6.71539711222802;6.61934442888241;7.13990029133614;7.2735116069945;7.17279709238996;6.82968364557043;6.34235835552511;5.88611191864796;6.20331907164354;8.37849130614479;8.51487821300464;8.11736157047551;8.09982597168422;7.98661205814583;7.41107168422173;6.85865110620312;6.43577834443714;5.91905932855463;5.47945204421387;5.39053209806899;7.14864258016648;6.19286372183563;4.98675187674652;4.82832486149895;4.90575990865762;
Oman;OMN;Chômage, total (% de la population) (estimation modélisée OIT);SL.UEM.TOTL.ZS;4.331;4.281;4.328;4.62;4.734;4.626;4.383;4.298;4.142;3.993;3.935;3.958;3.765;3.547;3.449;3.401;3.266;2.522;1.8;2.04;2.94;1.9;3.3;3.176;3.161;
Autres petits états;OSS;Chômage, total (% de la population) (estimation modélisée OIT);SL.UEM.TOTL.ZS;10.2914019994802;10.2036163756998;9.51571649493604;9.82563465853262;9.74458299736379;9.56012689913527;8.76349648499916;8.13104161598982;7.91358317344586;9.4715766907266;9.78556236852925;9.32960574845544;9.32081092900368;9.50266465484045;9.2105328996631;8.78523372997352;8.49858732832695;8.07615443502866;7.66956307053111;7.34330990802156;8.82670669777015;8.36606234826282;7.76505567159181;7.41013147956156;7.38410736088717;
Pakistan;PAK;Chômage, total (% de la population) (estimation modélisée OIT);SL.UEM.TOTL.ZS;0.634;0.629;0.635;0.63;0.608;0.585;0.582;0.398;0.423;0.535;0.653;0.796;3.667;2.954;1.827;3.566;2.285;3.215;4.083;4.83;6.127;6.338;5.485;5.408;5.472;
Panama;PAN;Chômage, total (% de la population) (estimation modélisée OIT);SL.UEM.TOTL.ZS;6.264;6.372;6.362;6.346;6.127;6.002;5.822;5.694;5.647;5.864;5.845;4.03;3.691;3.674;4.391;4.335;4.717;5.338;5.161;6.256;14.663;10.177;8.086;6.544;6.518;
Pérou;PER;Chômage, total (% de la population) (estimation modélisée OIT);SL.UEM.TOTL.ZS;4.958;5.063;4.84;4.15;4.71;4.87;4.17;4.08;4.03;3.96;3.6;3.477;3.238;3.575;3.208;3.272;3.741;3.691;3.492;3.379;7.179;5.097;3.85;4.899;4.828;
Philippines;PHL;Chômage, total (% de la population) (estimation modélisée OIT);SL.UEM.TOTL.ZS;3.767;3.698;3.615;3.527;3.554;3.795;4.052;3.434;3.72;3.858;3.605;3.592;3.504;3.497;3.6;3.068;2.695;2.552;2.338;2.237;2.522;3.398;2.598;2.222;2.153;
Palaos;PLW;Chômage, total (% de la population) (estimation modélisée OIT);SL.UEM.TOTL.ZS;;;;;;;;;;;;;;;;;;;;;;;;;;
Papouasie-Nouvelle-Guinée;PNG;Chômage, total (% de la population) (estimation modélisée OIT);SL.UEM.TOTL.ZS;2.92;2.801;2.755;2.628;2.526;2.387;2.287;2.172;2.169;2.089;2.002;2.62;2.631;2.692;2.536;2.503;2.472;2.569;2.635;2.634;2.883;3.003;2.689;2.661;2.741;
Pologne;POL;Chômage, total (% de la population) (estimation modélisée OIT);SL.UEM.TOTL.ZS;14.928;18.435;20.211;19.899;18.822;17.592;13.794;9.551;7.069;8.131;9.578;9.576;10.031;10.293;8.971;7.475;6.141;4.867;3.835;3.267;3.155;3.268;2.811;2.743;2.472;
de Pré-dividende démographique;PRE;Chômage, total (% de la population) (estimation modélisée OIT);SL.UEM.TOTL.ZS;5.14246869302464;5.12822077808316;5.08169612714231;5.05616718801451;4.97351590533429;4.94170598396397;4.91968270930922;4.87990854311306;4.87564079411637;4.90483524144252;5.09948599044902;5.15144102764935;5.05832362422156;4.87145374854621;4.85983538761961;4.93719170079883;5.02089106580963;5.28460931909098;5.35138602677923;5.42309463719319;5.96007768628016;5.82347555930522;5.002037370392;4.7006079328224;4.5643996480652;
Porto Rico;PRI;Chômage, total (% de la population) (estimation modélisée OIT);SL.UEM.TOTL.ZS;10.08;11.4;11.94;11.78;10.31;11.35;11.01;10.93;11.48;15;16.1;15.7;14.5;14.3;13.9;12;11.8;10.8;9.2;8.3;8.89;7.9;6;5.725;5.472;
Corée; République démocratique de;PRK;Chômage, total (% de la population) (estimation modélisée OIT);3.059;3.05;3.07;3.043;3.059;3.016;2.972;2.944;2.936;2.873;2.871;2.81;2.894;2.916;2.928;2.883;2.896;2.931;2.846;2.757;2.782;2.948;3;2.805;2.831;2.859
Portugal;PRT;Chômage, total (% de la population) (estimation modélisée OIT);SL.UEM.TOTL.ZS;3.806;3.829;4.497;6.132;6.319;7.582;7.649;7.965;7.553;9.432;10.771;12.682;15.531;16.188;13.897;12.447;11.068;8.869;6.994;6.464;6.801;6.577;6.011;6.509;6.384;
Paraguay;PRY;Chômage, total (% de la population) (estimation modélisée OIT);SL.UEM.TOTL.ZS;7.61;6.206;9.393;6.814;6.513;4.825;5.277;4.713;4.415;5.46;4.569;4.67;4.085;4.385;5.034;4.556;5.255;6.138;6.217;6.595;7.548;7.311;6.755;5.794;6.093;
Cisjordanie et Gaza;PSE;Chômage, total (% de la population) (estimation modélisée OIT);SL.UEM.TOTL.ZS;10.625;21.493;27.465;23.004;23.215;20.016;19.014;18.282;22.913;20.452;21.416;17.597;19.202;19.894;20.526;23.005;23.939;25.677;26.256;25.34;25.895;26.39;24.42;;;
Petits états insulaires du Pacifique;PSS;Chômage, total (% de la population) (estimation modélisée OIT);SL.UEM.TOTL.ZS;4.41758167634957;4.52736511167007;4.62060117504242;4.51735002076316;4.34717323461528;3.84431242747139;3.81596429114785;3.76053041512131;3.66277533564379;3.60583093381717;3.50620034965321;3.44531957197195;3.54931121864559;3.42909052402725;3.40086552977605;3.38209145071285;3.37055657306124;3.36772015164207;3.27563360735952;3.21394324925117;3.1793712771022;3.18377728754444;3.26376412674194;3.18108550777285;3.1400708014776;
de Post-dividende démographique;PST;Chômage, total (% de la population) (estimation modélisée OIT);SL.UEM.TOTL.ZS;6.53497084664272;6.3820396282665;6.77519106428031;6.86136615191433;6.67129290820737;6.40566833882108;5.99002925532894;5.56849945467248;5.89960378791203;8.06989185011952;8.34468296803351;8.05861560509403;8.11450014170067;7.99446801558992;7.46522734281294;6.88732464298699;6.41371126806;5.85285687668993;5.29998778603629;4.94291577083014;6.72608805636322;5.80308030334844;4.51627598749287;4.46875629524005;4.63240782564285;
Polynésie française;PYF;Chômage, total (% de la population) (estimation modélisée OIT);SL.UEM.TOTL.ZS;11.579;11.664;11.71;11.753;11.701;11.722;11.769;11.74;11.759;11.97;12.145;12.274;12.143;12.029;11.889;11.789;11.715;11.573;11.572;11.565;12.951;12.531;11.888;11.749;11.75;
Qatar;QAT;Chômage, total (% de la population) (estimation modélisée OIT);SL.UEM.TOTL.ZS;0.87;0.87;0.87;0.87;0.87;0.87;0.87;0.52;0.31;0.31;0.45;0.56;0.48;0.28;0.2;0.17;0.15;0.14;0.11;0.1;0.14;0.14;0.13;0.13;0.126;
Roumanie;ROU;Chômage, total (% de la population) (estimation modélisée OIT);SL.UEM.TOTL.ZS;6.969;6.561;8.112;6.95;7.719;7.174;7.27;6.413;5.787;6.859;6.959;7.177;6.794;7.096;6.802;6.812;5.901;4.927;4.187;3.912;5.035;5.59;5.614;5.589;5.379;
Fédération de Russie;RUS;Chômage, total (% de la population) (estimation modélisée OIT);SL.UEM.TOTL.ZS;10.581;8.978;7.875;8.21;7.763;7.124;7.055;6.002;6.205;8.301;7.407;6.571;5.484;5.513;5.212;5.615;5.591;5.238;4.871;4.513;5.62;4.749;3.867;3.076;2.527;
Rwanda;RWA;Chômage, total (% de la population) (estimation modélisée OIT);SL.UEM.TOTL.ZS;11.731;11.76;11.499;11.696;11.731;11.854;11.632;11.626;11.57;11.663;11.673;11.775;11.701;11.785;11.844;11.838;11.801;11.875;10.759;11.236;11.829;15.775;15.084;12.352;11.994;
Asie du Sud;SAS;Chômage, total (% de la population) (estimation modélisée OIT);SL.UEM.TOTL.ZS;6.65606873614265;6.70509595085375;6.82715894189511;6.78950543281039;6.739540820556;6.66134422417235;6.57247985241418;6.57661959884882;6.66796800742266;6.71878943054341;6.5289507030534;6.53654100419744;6.89078218474303;6.89167253519036;6.74959644996122;6.90755040475197;6.76215422479501;6.87856489772945;6.9988724648697;6.20782246480721;7.50644145337956;6.38900638352055;5.04134225042857;4.53316078699426;4.5634021252246;
Arabie saoudite;SAU;Chômage, total (% de la population) (estimation modélisée OIT);SL.UEM.TOTL.ZS;4.57;4.618;5.265;5.563;5.822;6.051;6.254;5.734;5.085;5.377;5.55;5.77;5.622;5.6;5.877;5.6;5.6;5.89;6.029;5.636;7.66;6.621;5.589;4.008;3.896;
Soudan;SDN;Chômage, total (% de la population) (estimation modélisée OIT);SL.UEM.TOTL.ZS;15.608;15.568;15.514;15.515;15.539;15.546;15.542;15.531;15.566;13;15.161;17.44;17.002;16.3;15.411;14.347;13.606;12.953;12.303;11.658;11.958;11.044;7.53;;;
Sénégal;SEN;Chômage, total (% de la population) (estimation modélisée OIT);SL.UEM.TOTL.ZS;2.668;2.7;2.828;2.794;2.788;2.703;2.77;2.808;2.822;2.814;2.803;2.853;3.888;4.986;5.841;6.757;4.455;4.078;3.455;2.863;3.437;3.44;2.837;2.8;2.992;
Singapour;SGP;Chômage, total (% de la population) (estimation modélisée OIT);SL.UEM.TOTL.ZS;3.7;3.76;5.65;5.93;5.84;5.59;4.48;3.9;3.96;5.86;4.12;3.89;3.72;3.86;3.74;3.79;4.08;4.2;3.613;3.1;4.1;4.64;3.591;3.444;3.182;
Îles Salomon;SLB;Chômage, total (% de la population) (estimation modélisée OIT);SL.UEM.TOTL.ZS;2.45;2.642;2.696;2.29;2.031;1.885;1.92;1.981;1.999;2.02;1.617;1.292;0.984;0.694;0.729;0.735;0.734;0.725;0.72;0.743;0.864;0.884;1.483;1.455;1.47;
Sierra Leone;SLE;Chômage, total (% de la population) (estimation modélisée OIT);SL.UEM.TOTL.ZS;4.08;4.154;3.903;3.879;3.42;3.716;3.889;4.007;4.128;4.269;4.413;4.54;4.552;4.538;4.678;4.606;4.294;3.834;3.192;3.203;3.508;3.556;3.175;3.153;3.126;
El Salvador;SLV;Chômage, total (% de la population) (estimation modélisée OIT);SL.UEM.TOTL.ZS;6.96;6.96;6.2;6.9;6.8;7.22;6.57;6.41;5.88;7.33;4.893;4.297;3.843;3.693;4.154;3.998;4.418;4.385;4.006;4.17;5.008;4.327;2.999;2.992;2.839;
Saint-Marin;SMR;Chômage, total (% de la population) (estimation modélisée OIT);SL.UEM.TOTL.ZS;;;;;;;;;;;;;;;;;;;;;;;;;;
Somalie;SOM;Chômage, total (% de la population) (estimation modélisée OIT);SL.UEM.TOTL.ZS;18.98;19.076;19.077;19.081;18.992;18.997;19.002;18.981;18.996;19.013;19.031;19.052;19.105;19.013;18.861;18.597;18.578;18.523;18.738;18.828;19.413;19.662;19.05;18.941;18.861;
Serbie;SRB;Chômage, total (% de la population) (estimation modélisée OIT);SL.UEM.TOTL.ZS;12.6;12.8;13.8;15.2;18.5;20.85;20.85;18.06;13.67;16.116;19.204;22.959;24;22.154;19.223;17.66;15.257;13.477;12.733;10.395;9.011;9.843;8.439;8.268;7.39;
Afrique subsaharienne (hors revenu élevé);SSA;Chômage, total (% de la population) (estimation modélisée OIT);SL.UEM.TOTL.ZS;6.43551093234137;6.34143297444931;6.23732127397936;6.16858501848866;6.02286521636931;5.92348756573701;5.83613435279527;5.79344921286178;5.78696446868704;5.8462403600109;5.98391462400052;5.99794499838192;5.86268616241881;5.63909163230501;5.68478814422323;5.85502520009926;5.94167376890049;6.07750640915143;6.10632797505626;6.2679212107601;6.803309525677;6.9876633959167;6.19801853183662;5.88775361694401;5.82352536708496;
Soudan du Sud;SSD;Chômage, total (% de la population) (estimation modélisée OIT);SL.UEM.TOTL.ZS;12.325;12.286;12.234;12.232;12.256;12.266;12.267;12.262;12.298;12.463;12.503;12.635;12.896;12.727;12.602;12.485;12.955;13.111;12.952;12.709;14.319;14.029;12.545;12.477;;
Afrique subsaharienne;SSF;Chômage, total (% de la population) (estimation modélisée OIT);SL.UEM.TOTL.ZS;6.43551093234137;6.34143297444931;6.23732127397936;6.16858501848866;6.02286521636931;5.92348756573701;5.83613435279527;5.79344921286177;5.78696446868704;5.8462403600109;5.98391462400052;5.99794499838192;5.86268616241881;5.63909163230501;5.68478814422323;5.85502520009926;5.94167376890049;6.07750640915143;6.10632797505626;6.2679212107601;6.803309525677;6.9876633959167;6.19801853183662;5.88775361694401;5.82352536708496;
Petits états;SST;Chômage, total (% de la population) (estimation modélisée OIT);SL.UEM.TOTL.ZS;9.7615148817054;9.68885101547563;9.29615995561653;9.56091948925221;9.38038072954773;9.14616678684381;8.40112879317253;7.88025172638763;7.7152056974757;9.09882269359262;9.32842003022439;9.03166293468633;9.06064695314797;9.24463137398555;8.98536827150433;8.57328851446373;8.35743471426821;7.95839164590901;7.68329154788694;7.36778798685857;8.76921579076571;8.32665127077856;7.63719827053478;7.24829729410405;7.1060728150314;
Sao Tomé-et-Principe;STP;Chômage, total (% de la population) (estimation modélisée OIT);SL.UEM.TOTL.ZS;14.4;15.73;17.63;16.36;16.12;16.47;16.65;16.024;15.426;15.134;14.626;14.224;13.59;12.48;11.435;10.594;9.686;8.808;8.714;8.831;9.686;9.6;8.992;9.071;9.17;
Suriname;SUR;Chômage, total (% de la population) (estimation modélisée OIT);SL.UEM.TOTL.ZS;12.983;12.148;11.243;10.359;9.49;9.263;9.096;9.004;8.831;8.72;7.15;7.54;8.1;6.6;6.94;7.22;7.917;7.888;7.693;7.556;8.76;8.491;8.16;7.631;7.325;
République slovaque;SVK;Chômage, total (% de la population) (estimation modélisée OIT);SL.UEM.TOTL.ZS;18.546;19.148;18.541;17.549;18.206;16.276;13.395;11.16;9.514;12.023;14.387;13.634;13.966;14.226;11.536;11.492;9.679;8.142;6.544;5.761;6.719;6.894;6.143;5.84;5.234;
Slovénie;SVN;Chômage, total (% de la population) (estimation modélisée OIT);SL.UEM.TOTL.ZS;6.92;5.682;5.922;6.479;6.012;6.506;5.95;4.818;4.371;5.858;7.236;8.166;8.841;10.103;9.668;8.962;8;6.564;5.108;4.446;4.971;4.744;4.011;3.652;3.357;
Suède;SWE;Chômage, total (% de la population) (estimation modélisée OIT);SL.UEM.TOTL.ZS;5.466;4.73;4.965;5.555;6.693;7.81;7.066;6.161;6.235;8.351;8.61;7.804;7.976;8.052;7.954;7.432;6.99;6.718;6.365;6.833;8.291;8.722;7.392;7.611;8.528;
Eswatini;SWZ;Chômage, total (% de la population) (estimation modélisée OIT);SL.UEM.TOTL.ZS;24.502;25.178;25.716;26.216;26.69;27.204;27.69;28.24;27.835;27.383;26.736;25.987;25.128;24.448;23.828;23.285;22.718;24.523;26.369;28.138;32.944;34.153;35.359;35.086;34.4;
Sint Maarten (Dutch part);SXM;Chômage, total (% de la population) (estimation modélisée OIT);SL.UEM.TOTL.ZS;;;;;;;;;;;;;;;;;;;;;;;;;;
Seychelles;SYC;Chômage, total (% de la population) (estimation modélisée OIT);SL.UEM.TOTL.ZS;;;;;;;;;;;;;;;;;;;;;;;;;;
République arabe syrienne;SYR;Chômage, total (% de la population) (estimation modélisée OIT);SL.UEM.TOTL.ZS;9.587;11.63;10.94;10.28;9.513;8.809;8.17;8.42;10.94;8.14;8.61;8.627;13.8;14.5;14.783;14.243;13.795;13.597;13.497;13.36;15.191;14.877;13.268;13.187;12.962;
Îles Turques-et-Caïques;TCA;Chômage, total (% de la population) (estimation modélisée OIT);SL.UEM.TOTL.ZS;;;;;;;;;;;;;;;;;;;;;;;;;;
Tchad;TCD;Chômage, total (% de la population) (estimation modélisée OIT);SL.UEM.TOTL.ZS;0.79;0.787;0.769;0.732;0.685;0.678;0.724;0.834;0.906;0.906;0.878;0.905;0.9;0.948;0.933;0.974;1.047;1.116;1.135;1.084;1.707;1.548;1.096;1.074;1.088;
Asie de l’Est et Pacifique (BIRD et IDA);TEA;Chômage, total (% de la population) (estimation modélisée OIT);SL.UEM.TOTL.ZS;3.42896287038122;3.85717166136865;4.17566545663043;4.42626048911676;4.42148007967952;4.50231259783126;4.39475180578743;4.37489660023347;4.45784019112314;4.43930711068683;4.17562491797747;4.12394805623432;4.06150735915239;4.06337163020856;4.05946116233141;4.13498800489396;4.05094529389803;3.9281651171289;3.8185338900756;3.91055814607334;4.38272643965065;4.13976979107785;4.24554875686717;3.99023937769226;3.90141243499666;
Europe et Asie centrale (BIRD et IDA);TEC;Chômage, total (% de la population) (estimation modélisée OIT);SL.UEM.TOTL.ZS;11.0252036761132;10.7472838740452;10.5333866655627;10.2946380818145;9.94923356233411;9.29208362545358;8.66814807340215;7.56763449504919;7.37099265588776;9.10456034631184;8.68768383545242;8.12134787323803;7.65779182338939;7.71586670293672;7.65935564813882;7.64210348176057;7.47526827082234;7.12553159533485;6.68602119949787;6.74057982241333;7.23741604434341;6.8319668511332;5.68431126209161;5.16074258293559;4.7345394195908;
Togo;TGO;Chômage, total (% de la population) (estimation modélisée OIT);SL.UEM.TOTL.ZS;4.174;4.124;4.104;3.984;4.015;4.157;4.229;3.817;3.283;2.849;2.383;1.982;2.03;2.085;2.142;2.204;2.968;3.744;2.898;2.036;2.225;2.333;1.965;1.948;1.94;
Thaïlande;THA;Chômage, total (% de la population) (estimation modélisée OIT);SL.UEM.TOTL.ZS;2.389;2.6;1.82;1.54;1.51;1.35;1.22;1.18;1.18;1.49;0.622;0.66;0.58;0.249;0.576;0.597;0.688;0.83;0.765;0.716;1.099;1.215;0.94;0.733;0.693;
Tadjikistan;TJK;Chômage, total (% de la population) (estimation modélisée OIT);SL.UEM.TOTL.ZS;4.15;3.75;3.95;3.85;3.616;3.375;3.13;2.874;7.134;11.5;11.542;11.557;11.444;11.417;11.439;11.485;11.5;11.487;11.437;11.419;12.321;12.333;11.634;11.546;11.635;
Turkménistan;TKM;Chômage, total (% de la population) (estimation modélisée OIT);SL.UEM.TOTL.ZS;11.666;10.851;10.153;9.311;8.44;7.485;6.58;5.694;4.835;4;4;4.002;3.986;3.983;4;4.016;4.031;4.044;4.044;4.043;4.501;4.459;4.109;4.099;4.304;
Amérique latine et Caraïbes (BIRD et IDA);TLA;Chômage, total (% de la population) (estimation modélisée OIT);SL.UEM.TOTL.ZS;9.54724386782;9.16163876964607;9.52040262401159;9.39491060952861;8.88137929271328;8.34427692112872;7.70840648299537;7.31182267651702;6.9150729963141;7.89307673077;7.2528256939654;6.72806886463518;6.42754223490827;6.38397300585286;6.19961332563731;6.71903446791338;7.81136575474109;8.12755696513525;8.03324720484733;8.10424349109534;10.3522494542699;9.27350464000943;6.99769011843402;6.27705803055615;6.31152830640779;
Timor-Leste;TLS;Chômage, total (% de la population) (estimation modélisée OIT);SL.UEM.TOTL.ZS;3.477;3.363;3.453;3.503;3.656;3.563;3.581;3.489;3.413;3.291;3.301;3.384;3.468;3.564;3.618;3.678;4.657;4.248;3.778;3.097;2.782;2.344;1.537;1.521;1.603;
Afrique du Nord et Moyen-Orient (BIRD et IDA);TMN;Chômage, total (% de la population) (estimation modélisée OIT);SL.UEM.TOTL.ZS;13.1062226879005;13.0889077534353;13.1581296922054;12.8141432790832;11.4796036787049;11.7103847596699;10.9654017101049;10.5049504028012;10.2635548593248;10.4430024532452;10.7066815425875;11.4675444637626;11.9817864313054;11.7169491725129;11.8399685367262;12.2953909899345;12.4417079696535;12.6211399238132;12.1467211648243;11.3782438782609;11.9610860736542;11.5984181323461;11.0310304277689;10.8670875152924;10.8587476656264;
Tonga;TON;Chômage, total (% de la population) (estimation modélisée OIT);SL.UEM.TOTL.ZS;4.12;4.48;4.838;5.18;3.942;2.571;1.09;1.181;1.252;1.407;1.513;1.602;1.643;1.754;1.92;2.024;2.046;2.131;2.248;2.157;2.699;2.111;2.302;2.262;2.192;
Asie du Sud (BIRD et IDA);TSA;Chômage, total (% de la population) (estimation modélisée OIT);SL.UEM.TOTL.ZS;6.65606873614265;6.70509595085375;6.82715894189511;6.78950543281039;6.739540820556;6.66134422417235;6.57247985241418;6.57661959884882;6.66796800742266;6.71878943054341;6.5289507030534;6.53654100419744;6.89078218474303;6.89167253519036;6.74959644996122;6.90755040475197;6.76215422479501;6.87856489772945;6.9988724648697;6.20782246480721;7.50644145337956;6.38900638352055;5.04134225042857;4.53316078699426;4.5634021252246;
Afrique subsaharienne (BIRD et IDA);TSS;Chômage, total (% de la population) (estimation modélisée OIT);SL.UEM.TOTL.ZS;6.43551093234137;6.34143297444931;6.23732127397936;6.16858501848866;6.02286521636931;5.92348756573701;5.83613435279527;5.79344921286177;5.78696446868704;5.8462403600109;5.98391462400052;5.99794499838192;5.86268616241881;5.63909163230502;5.68478814422323;5.85502520009926;5.94167376890049;6.07750640915143;6.10632797505626;6.2679212107601;6.803309525677;6.98766339591669;6.19801853183662;5.88775361694401;5.82352536708496;
Trinité-et-Tobago;TTO;Chômage, total (% de la population) (estimation modélisée OIT);SL.UEM.TOTL.ZS;12.1;10.88;10.39;10.48;8.33;7.95;6.27;5.54;4.63;5.28;4.033;3.425;3.718;2.683;2.477;2.428;3.207;3.394;3.498;3.523;4.206;4.446;4.383;4.21;4.546;
Tunisie;TUN;Chômage, total (% de la population) (estimation modélisée OIT);SL.UEM.TOTL.ZS;14.94;14.4;14.55;14.51;14.23;12.872;12.51;12.365;12.444;13.29;13.049;18.334;17.63;15.934;14.259;15.159;15.557;15.33;15.459;17.153;17.656;16.611;15.3;15.106;16.203;
Turquie;TUR;Chômage, total (% de la population) (estimation modélisée OIT);SL.UEM.TOTL.ZS;6.495;8.381;10.358;10.542;10.838;10.636;10.227;10.285;10.965;14.026;11.879;9.789;9.21;9.713;9.901;10.304;10.899;10.919;10.956;13.73;13.148;11.969;10.465;9.388;8.449;
Tuvalu;TUV;Chômage, total (% de la population) (estimation modélisée OIT);SL.UEM.TOTL.ZS;;;;;;;;;;;;;;;;;;;;;;;;;;
Tanzanie;TZA;Chômage, total (% de la population) (estimation modélisée OIT);SL.UEM.TOTL.ZS;3.127;2.994;3.024;3.055;3.108;3.194;3.299;3.023;2.774;2.5;3.029;3.47;3.222;2.93;2.125;2.159;2.23;2.303;2.393;2.496;2.781;2.821;2.588;2.582;2.576;
Ouganda;UGA;Chômage, total (% de la population) (estimation modélisée OIT);SL.UEM.TOTL.ZS;3.529;3.52;3.5;3.6;2.705;1.9;2.272;2.677;3.052;3.6;3.619;3.528;3.551;1.91;2.348;2.679;3.008;3.428;3.25;3.06;3.831;3.422;2.886;2.787;2.941;
Ukraine;UKR;Chômage, total (% de la population) (estimation modélisée OIT);SL.UEM.TOTL.ZS;11.707;11.061;10.136;9.057;8.59;7.18;6.81;6.351;6.363;8.84;8.1;7.851;7.529;7.17;9.27;9.14;9.35;9.5;8.799;8.194;9.475;9.834;;;;
Revenu intermédiaire; tranche supérieure;UMC;Chômage, total (% de la population) (estimation modélisée OIT);5.7439025439083;5.69537021784595;5.95900891685977;6.29338628063326;6.40811303598566;6.25252159465089;6.24660024027657;5.99997706235597;5.91251407473356;5.88557105009879;6.21313687107217;5.9042652915291;5.72410325956716;5.62432515813601;5.57534214161362;5.58979600656746;5.80943885452003;6.04307137925769;6.0511193355803;5.97611834945761;6.11106892294072;6.81216964139814;6.43315019951925;6.05837753228876;5.67666999727191;5.63242128301172
Uruguay;URY;Chômage, total (% de la population) (estimation modélisée OIT);SL.UEM.TOTL.ZS;12.627;15.052;16.648;16.661;12.98;12.009;10.844;9.403;8.025;7.74;7.158;6.307;6.451;6.444;6.547;7.488;7.841;7.89;8.336;8.836;10.413;9.328;7.877;8.355;8.401;
États-Unis;USA;Chômage, total (% de la population) (estimation modélisée OIT);SL.UEM.TOTL.ZS;3.992;4.731;5.783;5.989;5.529;5.084;4.623;4.622;5.784;9.254;9.633;8.949;8.069;7.375;6.168;5.28;4.869;4.355;3.896;3.669;8.055;5.349;3.65;3.638;4.106;
Ouzbékistan;UZB;Chômage, total (% de la population) (estimation modélisée OIT);SL.UEM.TOTL.ZS;12.317;11.3;10.283;9.248;8.162;7.092;6.03;4.99;4.89;5.04;5.36;4.96;4.87;4.86;5.09;5.15;5.16;5.83;5.389;4.932;5.293;5.364;4.49;4.46;4.488;
Saint-Vincent-et-les Grenadines;VCT;Chômage, total (% de la population) (estimation modélisée OIT);SL.UEM.TOTL.ZS;20.794;21.1;20.617;19.967;19.523;19.449;19.15;18.927;18.79;19.386;19.966;20.049;19.867;19.367;19.249;19.141;19.028;19.006;18.984;19.235;20.636;20.341;19.417;18.574;18.056;
Venezuela;VEN;Chômage, total (% de la population) (estimation modélisée OIT);SL.UEM.TOTL.ZS;13.99;13.04;16.17;16.78;15.07;10.663;8.606;7.279;6.245;6.097;7.112;6.902;6.601;7.54;6.821;6.137;5.319;5.045;5.46;5.876;7.53;7.037;5.707;5.485;5.475;
Îles Vierges britanniques;VGB;Chômage, total (% de la population) (estimation modélisée OIT);SL.UEM.TOTL.ZS;;;;;;;;;;;;;;;;;;;;;;;;;;
Îles Vierges (EU);VIR;Chômage, total (% de la population) (estimation modélisée OIT);SL.UEM.TOTL.ZS;10.546;10.678;10.933;11.254;10.927;10.878;10.36;10.137;10.22;11.527;11.742;12.041;12.109;12.55;12.64;12.422;12.515;12.217;12.407;12.551;15.191;14.273;13.007;12.32;12.014;
Viet Nam;VNM;Chômage, total (% de la population) (estimation modélisée OIT);SL.UEM.TOTL.ZS;2.26;2.76;2.12;2.25;2.14;2.078;2.046;2.026;1.889;1.737;1.114;0.999;1.027;1.316;1.256;1.848;1.848;1.874;1.161;1.681;2.103;2.385;1.523;1.645;1.431;
Vanuatu;VUT;Chômage, total (% de la population) (estimation modélisée OIT);SL.UEM.TOTL.ZS;8.283;8.434;8.621;8.682;8.447;8.126;8.006;6.854;5.661;4.565;4.685;4.821;4.951;5.058;5.15;5.254;5.261;5.287;5.326;5.444;4.046;4.766;5.143;5.082;5.064;
Monde;WLD;Chômage, total (% de la population) (estimation modélisée OIT);SL.UEM.TOTL.ZS;6.12304074094227;6.20224642581375;6.42824413217503;6.49549540304053;6.3375954079904;6.22712811677286;5.97625026239581;5.77753757637344;5.83230971050102;6.41961494141816;6.28633469019007;6.15688583531364;6.159641648439;6.10721944572915;5.96595956419962;6.00655926883703;5.97827384301346;5.90723141254145;5.76898308254956;5.59893079520961;6.60880501698705;6.06444597897447;5.26071088886287;4.91657221632923;4.89214997028311;
Samoa;WSM;Chômage, total (% de la population) (estimation modélisée OIT);SL.UEM.TOTL.ZS;4.734;4.96;4.975;5.037;5.162;5.212;5.321;5.426;5.539;5.647;5.621;5.68;8.752;8.773;8.72;8.9;9.062;9.4;8.639;7.838;7.435;6.612;5.048;4.977;4.551;
Kosovo;XKX;Chômage, total (% de la population) (estimation modélisée OIT);SL.UEM.TOTL.ZS;;;;;;;;;;;;;;;;;;;;;;;;;;
Yémen; Rép. du;YEM;Chômage, total (% de la population) (estimation modélisée OIT);11.46;11.557;11.724;11.84;12.015;12.132;12.215;12.35;12.488;12.657;12.763;12.779;13.311;13.473;13.673;13.467;17.9;18.416;18.603;17.584;17.202;17.953;18.287;17.363;17.091;17.086
Afrique du Sud;ZAF;Chômage, total (% de la population) (estimation modélisée OIT);SL.UEM.TOTL.ZS;22.714;22.605;22.547;22.629;22.538;22.461;22.324;22.287;22.407;23.523;24.683;24.639;24.727;24.561;24.89;25.149;26.536;27.035;26.906;28.468;29.217;34.007;33.268;32.098;33.168;
Zambie;ZMB;Chômage, total (% de la population) (estimation modélisée OIT);SL.UEM.TOTL.ZS;12.93;13.415;14.131;14.705;15.33;15.9;13.229;10.561;7.93;10.582;13.19;10.545;7.85;7.264;6.571;5.942;5.239;4.529;5.033;5.542;6.033;5.199;5.995;5.905;5.961;
Zimbabwe;ZWE;Chômage, total (% de la population) (estimation modélisée OIT);SL.UEM.TOTL.ZS;5.684;5.318;5.007;4.735;4.39;4.622;4.759;4.991;5.357;5.453;5.447;5.368;5.061;4.943;4.774;5.377;5.886;6.344;6.793;7.373;8.621;9.54;10.087;8.759;8.554;
