{
  "chart": {
    "title": "Poultry production",
    "subtitle": "Expressed in tonnes.",
    "note": "This refers to total meat production, from both commercial and farm slaughter. Data are given in terms of dressed carcass weight, excluding offal and slaughter fats. ",
    "citation": "Food and Agriculture Organization of the United Nations (2025)",
    "originalChartUrl": "https://ourworldindata.org/grapher/poultry-production-tonnes?v=1&csvType=full&useColumnShortNames=false",
    "selection": [
      "United States",
      "Brazil",
      "China"
    ]
  },
  "columns": {
    "Meat, poultry | 00001808 || Production | 005510 || tonnes": {
      "titleShort": "Poultry meat production",
      "titleLong": "Poultry meat production - FAO",
      "shortUnit": "t",
      "unit": "tonnes",
      "timespan": "1961-2023",
      "type": "Numeric",
      "owidVariableId": 1018736,
      "shortName": "meat__poultry__00001808__production__005510__tonnes",
      "lastUpdated": "2025-03-17",
      "nextUpdate": "2026-03-17",
      "citationShort": "Food and Agriculture Organization of the United Nations (2025) – with major processing by Our World in Data",
      "citationLong": "Food and Agriculture Organization of the United Nations (2025) – with major processing by Our World in Data. “Poultry meat production – FAO” [dataset]. Food and Agriculture Organization of the United Nations, “Production: Crops and livestock products” [original data].",
      "fullMetadata": "https://api.ourworldindata.org/v1/indicators/1018736.metadata.json"
    }
  },
  "dateDownloaded": "2025-06-02",
  "activeFilters": {}
}