{
  "chart": {
    "title": "Meat supply vs. GDP per capita",
    "subtitle": "Average meat supply per capita, measured in kilograms per year, versus GDP per capita, adjusted for inflation and for differences in living costs between countries. Figures do not include fish or seafood.",
    "note": "GDP per capita is expressed in [international-$](#dod:int_dollar_abbreviation) at 2021 prices.",
    "citation": "Food and Agriculture Organization of the United Nations (2024); Data compiled from multiple sources by World Bank (2025)",
    "originalChartUrl": "https://ourworldindata.org/grapher/meat-consumption-vs-gdp-per-capita?v=1&csvType=full&useColumnShortNames=false",
    "selection": []
  },
  "columns": {
    "Meat, total | 00002943 || Food available for consumption | 0645pc || kilograms per year per capita": {
      "titleShort": "Yearly per capita supply of all meat",
      "titleLong": "Yearly per capita supply of all meat",
      "descriptionShort": "Quantity that is available for consumption at the end of the supply chain. It does not account for consumer waste, so the quantity that is actually consumed may be lower.",
      "descriptionProcessing": "* This data was originally given per-capita by FAOSTAT. We converted this data into total figures by multiplying by FAOSTAT's population.\n* Per-capita values were obtained by dividing total figures by Our World in Data's population.\n* For regions defined by FAOSTAT, per-capita values were calculated using FAOSTAT's original population data, if available.\n",
      "shortUnit": "kg",
      "unit": "kilograms per year per capita",
      "timespan": "1961-2022",
      "type": "Numeric",
      "owidVariableId": 1021084,
      "shortName": "meat__total__00002943__food_available_for_consumption__0645pc__kilograms_per_year_per_capita",
      "lastUpdated": "2025-03-17",
      "nextUpdate": "2026-03-17",
      "citationShort": "Food and Agriculture Organization of the United Nations (2024) – processed by Our World in Data",
      "citationLong": "Food and Agriculture Organization of the United Nations (2024) – processed by Our World in Data. “Yearly per capita supply of all meat” [dataset]. Food and Agriculture Organization of the United Nations, “Food Balances: Food Balances (-2013, old methodology and population)”; Food and Agriculture Organization of the United Nations, “Food Balances: Food Balances (2010-)” [original data].",
      "fullMetadata": "https://api.ourworldindata.org/v1/indicators/1021084.metadata.json"
    },
    "GDP per capita, PPP (constant 2021 international $)": {
      "titleShort": "GDP per capita",
      "titleLong": "GDP per capita - World Bank – In constant international-$",
      "descriptionShort": "Average economic output per person in a country or region per year. This data is adjusted for inflation and for differences in living costs between countries.",
      "descriptionKey": [
        "Gross domestic product (GDP) is a measure of the total value added from the production of goods and services in a country or region each year. GDP per capita is GDP divided by population.",
        "This GDP per capita indicator provides information on economic growth and income levels from 1990.",
        "This data is adjusted for inflation and for differences in living costs between countries.",
        "This data is expressed in [international-$](#dod:int_dollar_abbreviation) at 2021 prices.",
        "For GDP per capita estimates in the long run, explore the [Maddison Project Database's indicator](https://ourworldindata.org/grapher/gdp-per-capita-maddison)."
      ],
      "shortUnit": "$",
      "unit": "international-$ in 2021 prices",
      "timespan": "1990-2023",
      "type": "Numeric",
      "owidVariableId": 1008370,
      "shortName": "ny_gdp_pcap_pp_kd",
      "lastUpdated": "2025-01-24",
      "nextUpdate": "2026-01-24",
      "citationShort": "Data compiled from multiple sources by World Bank (2025) – with minor processing by Our World in Data",
      "citationLong": "Data compiled from multiple sources by World Bank (2025) – with minor processing by Our World in Data. “GDP per capita – World Bank – In constant international-$” [dataset]. Data compiled from multiple sources by World Bank, “World Development Indicators” [original data].",
      "fullMetadata": "https://api.ourworldindata.org/v1/indicators/1008370.metadata.json"
    },
    "World regions according to OWID": {
      "titleShort": "World regions according to OWID",
      "titleLong": "World regions according to OWID",
      "descriptionKey": [],
      "unit": "",
      "timespan": "2023-2023",
      "type": "Continent",
      "owidVariableId": 900801,
      "shortName": "owid_region",
      "lastUpdated": "2023-01-01",
      "citationShort": "Our World in Data – processed by Our World in Data",
      "citationLong": "Our World in Data – processed by Our World in Data. “World regions according to OWID” [dataset]. Our World in Data, “Regions” [original data].",
      "fullMetadata": "https://api.ourworldindata.org/v1/indicators/900801.metadata.json"
    }
  },
  "dateDownloaded": "2025-06-02",
  "activeFilters": {}
}